team,conference,avg_point_sc_home,avg_point_sc_vis,avg_point_sc_tot,avg_point_allowed_home,avg_point_allowed_vis,avg_point_allowed_tot,avg_sc_diff_home,avg_sc_diff_vis,avg_sc_diff_tot,win_perc_home,win_perc_vis,win_perc_tot,total_games,tournament
Abilene Christian,Western Athletic,79.63157894736842,73.41176470588235,76.69444444444444,61,74.88235294117646,67.55555555555556,18.63157894736842,-1.4705882352941178,9.13888888888889,0.8421052631578947,0.5294117647058824,0.6944,36,0
Academy of Art,NA,NA,78.5,78.5,NA,85.5,85.5,NA,-7,-7,NA,0.5,0.5,2,0
Air Force,Mountain West,62.07142857142857,56.2,59.03448275862069,64.85714285714286,67.13333333333334,66.03448275862068,-2.7857142857142856,-10.933333333333334,-7,0.5714285714285714,0.2,0.37929999999999997,29,0
Akron,Mid-American,74.52941176470588,66.76470588235294,70.6470588235294,63.11764705882353,62.1764705882353,62.64705882352941,11.411764705882353,4.588235294117647,8,0.8235294117647058,0.5882352941176471,0.7059000000000001,34,1
Alabama,Southeastern,78.75,80.61538461538461,79.48484848484848,72.95,81.84615384615384,76.45454545454545,5.8,-1.2307692307692308,3.0303030303030303,0.7,0.38461538461538464,0.5758,33,1
Alabama A&M,Southwest Athletic,70.8,56.75,61.43333333333333,66.5,67.25,67,4.3,-10.5,-5.566666666666666,0.7,0.25,0.4,30,0
Alabama St.,Southwest Athletic,71.92307692307692,68.05555555555556,69.6774193548387,70.53846153846153,78.61111111111111,75.2258064516129,1.3846153846153846,-10.555555555555555,-5.548387096774194,0.5384615384615384,0.16666666666666666,0.3226,31,0
Albany,America East,63,61,61.83870967741935,67.3076923076923,64.83333333333333,65.87096774193549,-4.3076923076923075,-3.8333333333333335,-4.032258064516129,0.38461538461538464,0.4444444444444444,0.4194,31,0
Alcorn St.,Southwest Athletic,70.5,64.36363636363636,66.52941176470588,69.75,71.81818181818181,71.08823529411765,0.75,-7.454545454545454,-4.5588235294117645,0.6666666666666666,0.4090909090909091,0.5,34,0
Alice Lloyd,NA,NA,51.333333333333336,51.333333333333336,NA,94.66666666666667,94.66666666666667,NA,-43.333333333333336,-43.333333333333336,NA,0,0,3,0
Allen,NA,NA,51,51,NA,110,110,NA,-59,-59,NA,0,0,1,0
American,Patriot League,66.75,61.5,63.46875,67,73.3,70.9375,-0.25,-11.8,-7.46875,0.5,0.2,0.3125,32,0
American Indian,NA,NA,56.5,56.5,NA,110,110,NA,-53.5,-53.5,NA,0,0,4,0
American International,NA,NA,55,55,NA,70,70,NA,-15,-15,NA,0,0,1,0
Antelope Valley,NA,NA,48,48,NA,82,82,NA,-34,-34,NA,0,0,1,0
Appalachian St.,Sun Belt,68.2,65.5,67.08823529411765,59.2,68.71428571428571,63.11764705882353,9,-3.2142857142857144,3.9705882352941178,0.65,0.42857142857142855,0.5588000000000001,34,0
Aquinas,NA,NA,56,56,NA,67,67,NA,-11,-11,NA,0,0,1,0
Arizona,Pacific-12,84.91304347826087,82.42857142857143,83.97297297297297,66.08695652173913,71.28571428571429,68.05405405405405,18.82608695652174,11.142857142857142,15.91891891891892,0.9565217391304348,0.7857142857142857,0.8919,37,1
Arizona Christian,NA,NA,67,67,NA,74,74,NA,-7,-7,NA,0,0,1,0
Arizona St.,Pacific-12,67.36842105263158,62.25,65.38709677419355,66.47368421052632,68.41666666666667,67.2258064516129,0.8947368421052632,-6.166666666666667,-1.8387096774193548,0.47368421052631576,0.4166666666666667,0.45159999999999995,31,0
Arkansas,Southeastern,77.20833333333333,73.61538461538461,75.94594594594595,66.625,71.38461538461539,68.29729729729729,10.583333333333334,2.230769230769231,7.648648648648648,0.875,0.5384615384615384,0.7568,37,1
Arkansas Baptist,NA,NA,64.66666666666667,64.66666666666667,NA,83.33333333333333,83.33333333333333,NA,-18.666666666666668,-18.666666666666668,NA,0,0,3,0
Arkansas Pine Bluff,Southwest Athletic,71.33333333333333,63.10526315789474,66.29032258064517,71.08333333333333,82.78947368421052,78.25806451612904,0.25,-19.68421052631579,-11.96774193548387,0.4166666666666667,0.10526315789473684,0.22579999999999997,31,0
Arkansas St.,Sun Belt,72.86666666666666,68.71428571428571,70.86206896551724,63.8,72.64285714285714,68.06896551724138,9.066666666666666,-3.9285714285714284,2.793103448275862,0.8,0.42857142857142855,0.6207,29,0
Arlington Baptist,NA,NA,44,44,NA,120,120,NA,-76,-76,NA,0,0,1,0
Army,Patriot League,74.13333333333334,66.9375,70.41935483870968,64.06666666666666,76.3125,70.38709677419355,10.066666666666666,-9.375,0.03225806451612903,0.7333333333333333,0.25,0.4839,31,0
Asbury,NA,NA,55,55,NA,87,87,NA,-32,-32,NA,0,0,1,0
Ashland,NA,NA,57,57,NA,71,71,NA,-14,-14,NA,0,0,1,0
Auburn,Southeastern,79.9047619047619,75.53846153846153,78.23529411764706,64.85714285714286,71,67.20588235294117,15.047619047619047,4.538461538461538,11.029411764705882,0.9047619047619048,0.6923076923076923,0.8234999999999999,34,1
Austin Peay,Ohio Valley,66.58333333333333,63.294117647058826,64.65517241379311,65.91666666666667,71.3529411764706,69.10344827586206,0.6666666666666666,-8.058823529411764,-4.448275862068965,0.5,0.35294117647058826,0.4138,29,0
Babson,NA,NA,64,64,NA,74,74,NA,-10,-10,NA,0,0,1,0
Ball St.,Mid-American,77.625,70.8,74.3225806451613,72.6875,81.13333333333334,76.7741935483871,4.9375,-10.333333333333334,-2.4516129032258065,0.625,0.26666666666666666,0.45159999999999995,31,0
Baptist Christian,NA,NA,57,57,NA,98,98,NA,-41,-41,NA,0,0,1,0
Barclay,NA,NA,44,44,NA,122,122,NA,-78,-78,NA,0,0,1,0
Baylor,Big 12,79.63636363636364,72.25,77.02941176470588,61.45454545454545,68.83333333333333,64.05882352941177,18.181818181818183,3.4166666666666665,12.970588235294118,0.8181818181818182,0.75,0.7940999999999999,34,1
Belhaven,NA,NA,54,54,NA,94,94,NA,-40,-40,NA,0,0,1,0
Bellarmine,Atlantic Sun,74.6,66.38888888888889,70.12121212121212,62.53333333333333,71.05555555555556,67.18181818181819,12.066666666666666,-4.666666666666667,2.9393939393939394,0.7333333333333333,0.5,0.6061,33,0
Belmont,Ohio Valley,79.23529411764706,77.25,78.27272727272727,64.82352941176471,72.625,68.60606060606061,14.411764705882353,4.625,9.666666666666666,0.8235294117647058,0.6875,0.7576,33,0
Benedictine Mesa,NA,NA,48,48,NA,97,97,NA,-49,-49,NA,0,0,1,0
Bethel IN,NA,NA,86,86,NA,115,115,NA,-29,-29,NA,0,0,1,0
Bethesda,NA,NA,64,64,NA,100.5,100.5,NA,-36.5,-36.5,NA,0.1,0.1,10,0
Bethune Cookman,Southwest Athletic,66.83333333333333,61.05555555555556,63.36666666666667,64.58333333333333,72.83333333333333,69.53333333333333,2.25,-11.777777777777779,-6.166666666666667,0.4166666666666667,0.2222222222222222,0.3,30,0
Binghamton,America East,68.53846153846153,66.9375,67.65517241379311,64.38461538461539,71.625,68.37931034482759,4.153846153846154,-4.6875,-0.7241379310344828,0.38461538461538464,0.4375,0.4138,29,0
Birmingham Southern,NA,NA,98,98,NA,105,105,NA,-7,-7,NA,0,0,2,0
Blue Mountain,NA,NA,69,69,NA,87,87,NA,-18,-18,NA,0,0,1,0
Bluefield,NA,NA,64.5,64.5,NA,94.5,94.5,NA,-30,-30,NA,0,0,4,0
Bob Jones,NA,NA,63.5,63.5,NA,107.25,107.25,NA,-43.75,-43.75,NA,0,0,4,0
Boise St.,Mountain West,68.23809523809524,68.28571428571429,68.25714285714285,61.42857142857143,60,60.857142857142854,6.809523809523809,8.285714285714286,7.4,0.7619047619047619,0.7857142857142857,0.7714,35,1
Boston College,Atlantic Coast,68.3529411764706,65.4375,66.93939393939394,65.47058823529412,70.9375,68.12121212121212,2.8823529411764706,-5.5,-1.1818181818181819,0.5294117647058824,0.25,0.39390000000000003,33,0
Boston University,Patriot League,72.6,69.05,70.57142857142857,67.66666666666667,67.7,67.68571428571428,4.933333333333334,1.35,2.8857142857142857,0.7333333333333333,0.55,0.6286,35,0
Bowling Green,Mid-American,84.27777777777777,74.6923076923077,80.25806451612904,78.22222222222223,83.61538461538461,80.48387096774194,6.055555555555555,-8.923076923076923,-0.22580645161290322,0.5555555555555556,0.23076923076923078,0.4194,31,0
Boyce,NA,NA,44.5,44.5,NA,90.5,90.5,NA,-46,-46,NA,0,0,2,0
Bradley,Missouri Valley,73.35714285714286,68.11764705882354,70.48387096774194,60.642857142857146,68.94117647058823,65.19354838709677,12.714285714285714,-0.8235294117647058,5.290322580645161,0.8571428571428571,0.29411764705882354,0.5484,31,0
Brescia,NA,NA,59,59,NA,98,98,NA,-39,-39,NA,0,0,1,0
Brevard,NA,NA,44,44,NA,101,101,NA,-57,-57,NA,0,0,1,0
Brewton Parker,NA,NA,37,37,NA,97,97,NA,-60,-60,NA,0,0,1,0
Bridgewater VA,NA,NA,56,56,NA,79,79,NA,-23,-23,NA,0,0,1,0
Brown,Ivy League,71.14285714285714,70.8,70.96551724137932,65.92857142857143,72.8,69.48275862068965,5.214285714285714,-2,1.4827586206896552,0.5,0.4,0.4483,29,0
Bryan,NA,NA,48,48,NA,96,96,NA,-48,-48,NA,0,0,1,0
Bryant,Northeast,81.26666666666667,75.17647058823529,78.03125,65.8,80.05882352941177,73.375,15.466666666666667,-4.882352941176471,4.65625,0.9333333333333333,0.47058823529411764,0.6875,32,1
Bryn Athyn,NA,NA,42,42,NA,91,91,NA,-49,-49,NA,0,0,1,0
Bucknell,Patriot League,75,68.16666666666667,71.15625,78.42857142857143,80.16666666666667,79.40625,-3.4285714285714284,-12,-8.25,0.5,0.1111111111111111,0.2812,32,0
Buffalo,Mid-American,82.38461538461539,78.05882352941177,79.93333333333334,70.61538461538461,73.52941176470588,72.26666666666667,11.76923076923077,4.529411764705882,7.666666666666667,0.6923076923076923,0.5882352941176471,0.6333,30,0
Buffalo St.,NA,NA,52,52,NA,112,112,NA,-60,-60,NA,0,0,1,0
Bushnell,NA,NA,39,39,NA,84,84,NA,-45,-45,NA,0,0,1,0
Butler,Big East,64.22222222222223,63.4,63.84848484848485,65.55555555555556,68.6,66.93939393939394,-1.3333333333333333,-5.2,-3.090909090909091,0.5,0.3333333333333333,0.4242,33,0
BYU,West Coast,74.63157894736842,73.8125,74.25714285714285,64.94736842105263,72.375,68.34285714285714,9.68421052631579,1.4375,5.914285714285715,0.8421052631578947,0.5,0.6857,35,0
Cairn,NA,NA,41,41,NA,80,80,NA,-39,-39,NA,0,0,1,0
Cal Baptist,Western Athletic,78.25,59.785714285714285,70.6470588235294,66.65,67.92857142857143,67.17647058823529,11.6,-8.142857142857142,3.4705882352941178,0.75,0.21428571428571427,0.5294,34,0
Cal Lutheran,NA,NA,60.5,60.5,NA,85.5,85.5,NA,-25,-25,NA,0,0,2,0
Cal Poly,Big West,66.45454545454545,58.23529411764706,61.464285714285715,64.9090909090909,68.88235294117646,67.32142857142857,1.5454545454545454,-10.647058823529411,-5.857142857142857,0.36363636363636365,0.17647058823529413,0.25,28,0
Cal St. Bakersfield,Big West,68.75,60.266666666666666,64.03703703703704,64.41666666666667,68.33333333333333,66.5925925925926,4.333333333333333,-8.066666666666666,-2.5555555555555554,0.4166666666666667,0.2,0.2963,27,0
Cal St. Fullerton,Big West,72.93333333333334,67.3529411764706,69.96875,63.93333333333333,68.82352941176471,66.53125,9,-1.4705882352941178,3.4375,0.8666666666666667,0.47058823529411764,0.6562,32,1
Cal St. Northridge,Big West,64,58.785714285714285,61.56666666666667,71.5625,70.85714285714286,71.23333333333333,-7.5625,-12.071428571428571,-9.666666666666666,0.25,0.21428571428571427,0.23329999999999998,30,0
Cal St.Stanislaus,NA,NA,42.5,42.5,NA,70.5,70.5,NA,-28,-28,NA,0,0,2,0
Cal Tech,NA,NA,52,52,NA,93,93,NA,-41,-41,NA,0,0,1,0
California,Pacific-12,65.6,58.833333333333336,63.0625,64.8,68.16666666666667,66.0625,0.8,-9.333333333333334,-3,0.5,0.16666666666666666,0.375,32,0
California Merced,NA,NA,40,40,NA,81,81,NA,-41,-41,NA,0,0,1,0
Calvary,NA,NA,32,32,NA,94,94,NA,-62,-62,NA,0,0,1,0
Campbell,Big South,68.26666666666667,63.92857142857143,66.17241379310344,59.333333333333336,64.85714285714286,62,8.933333333333334,-0.9285714285714286,4.172413793103448,0.7333333333333333,0.35714285714285715,0.5517,29,0
Campbellsville,NA,NA,61,61,NA,98,98,NA,-37,-37,NA,0,0,1,0
Campbellsville H'burg,NA,NA,66,66,NA,108,108,NA,-42,-42,NA,0,0,1,0
Canisius,Metro Atlantic Athletic,73.46666666666667,64.11764705882354,68.5,69.53333333333333,73.23529411764706,71.5,3.933333333333333,-9.117647058823529,-3,0.6666666666666666,0.058823529411764705,0.34380000000000005,32,0
Carlow,NA,NA,48.333333333333336,48.333333333333336,NA,125,125,NA,-76.66666666666667,-76.66666666666667,NA,0,0,3,0
Carolina,NA,NA,56,56,NA,98,98,NA,-42,-42,NA,0,0,1,0
Carroll MT,NA,NA,63,63,NA,93,93,NA,-30,-30,NA,0,0,1,0
Carver,NA,NA,46.611111111111114,46.611111111111114,NA,101.88888888888889,101.88888888888889,NA,-55.27777777777778,-55.27777777777778,NA,0,0,18,0
Centenary,NA,NA,67,67,NA,104,104,NA,-37,-37,NA,0,0,2,0
Central Arkansas,Atlantic Sun,83.83333333333333,66.47368421052632,73.19354838709677,76.25,84.21052631578948,81.12903225806451,7.583333333333333,-17.736842105263158,-7.935483870967742,0.6666666666666666,0.15789473684210525,0.35479999999999995,31,0
Central Baptist,NA,NA,63,63,NA,90,90,NA,-27,-27,NA,0,0,1,0
Central Connecticut,Northeast,65.3076923076923,59.36842105263158,61.78125,71.6923076923077,72.42105263157895,72.125,-6.384615384615385,-13.052631578947368,-10.34375,0.3076923076923077,0.21052631578947367,0.25,32,0
Central Methodist,NA,NA,61,61,NA,97,97,NA,-36,-36,NA,0,0,1,0
Central Michigan,Mid-American,65.58333333333333,66.16666666666667,65.93333333333334,74.41666666666667,78.66666666666667,76.96666666666667,-8.833333333333334,-12.5,-11.033333333333333,0.16666666666666666,0.2777777777777778,0.23329999999999998,30,0
Centre,NA,NA,52,52,NA,90,90,NA,-38,-38,NA,0,0,1,0
Chaminade,NA,50,64,54.666666666666664,78.5,90,82.33333333333333,-28.5,-26,-27.666666666666668,0,0,0,3,0
Champion Christian,NA,NA,58.666666666666664,58.666666666666664,NA,106.5,106.5,NA,-47.833333333333336,-47.833333333333336,NA,0,0,6,0
Charleston,Colonial Athletic Association,77.93333333333334,78.41176470588235,78.1875,74.8,77.88235294117646,76.4375,3.1333333333333333,0.5294117647058824,1.75,0.6,0.47058823529411764,0.5312,32,0
Charleston Southern,Big South,76.26666666666667,61.125,68.45161290322581,73.93333333333334,77.9375,76,2.3333333333333335,-16.8125,-7.548387096774194,0.26666666666666666,0.125,0.1935,31,0
Charlotte,Conference USA,71.70588235294117,68,70.03225806451613,69,73.92857142857143,71.2258064516129,2.7058823529411766,-5.928571428571429,-1.1935483870967742,0.6470588235294118,0.42857142857142855,0.5484,31,0
Chattanooga,Southern,76.16666666666667,72.05882352941177,74.17142857142858,60.666666666666664,68.29411764705883,64.37142857142857,15.5,3.764705882352941,9.8,0.8333333333333334,0.7058823529411765,0.7714,35,1
Chicago St.,Western Athletic,66.07142857142857,59,62.09375,73.78571428571429,74.83333333333333,74.375,-7.714285714285714,-15.833333333333334,-12.28125,0.35714285714285715,0.1111111111111111,0.2188,32,0
Chowan,NA,NA,60,60,NA,90,90,NA,-30,-30,NA,0,0,1,0
Cincinnati,American Athletic,72.84210526315789,64.78571428571429,69.42424242424242,63.89473684210526,68.71428571428571,65.93939393939394,8.947368421052632,-3.9285714285714284,3.484848484848485,0.6842105263157895,0.35714285714285715,0.5455,33,0
Clarks Summit,NA,NA,49,49,NA,95,95,NA,-46,-46,NA,0,0,2,0
Clayton St.,NA,NA,53,53,NA,103,103,NA,-50,-50,NA,0,0,1,0
Clemson,Atlantic Coast,73,70.2,71.72727272727273,67,70.2,68.45454545454545,6,0,3.272727272727273,0.6666666666666666,0.3333333333333333,0.5152,33,0
Cleveland St.,Horizon League,75.26315789473684,75.5,75.35483870967742,66.21052631578948,75.83333333333333,69.93548387096774,9.052631578947368,-0.3333333333333333,5.419354838709677,0.7894736842105263,0.4166666666666667,0.6452,31,0
Coastal Carolina,Sun Belt,75.17391304347827,67.5,72.84848484848484,64.17391304347827,68,65.33333333333333,11,-0.5,7.515151515151516,0.6086956521739131,0.5,0.5758,33,0
Coastal Georgia,NA,NA,54,54,NA,83,83,NA,-29,-29,NA,0,0,1,0
Coe,NA,NA,61,61,NA,87,87,NA,-26,-26,NA,0,0,1,0
Colgate,Patriot League,76.75,74.63157894736842,75.6,59.875,73.21052631578948,67.11428571428571,16.875,1.4210526315789473,8.485714285714286,0.9375,0.42105263157894735,0.6570999999999999,35,1
Colorado,Pacific-12,72.04545454545455,69.0909090909091,71.06060606060606,67.18181818181819,67.81818181818181,67.39393939393939,4.863636363636363,1.2727272727272727,3.6666666666666665,0.6818181818181818,0.5454545454545454,0.6364,33,0
Colorado College,NA,NA,53.5,53.5,NA,96,96,NA,-42.5,-42.5,NA,0,0,2,0
Colorado St.,Mountain West,74,72.41666666666667,73.38709677419355,65.42105263157895,67,66.03225806451613,8.578947368421053,5.416666666666667,7.354838709677419,0.8421052631578947,0.75,0.8065000000000001,31,1
Columbia,Ivy League,69.6923076923077,65.07692307692308,67.38461538461539,79,78.61538461538461,78.8076923076923,-9.307692307692308,-13.538461538461538,-11.423076923076923,0.23076923076923078,0.07692307692307693,0.15380000000000002,26,0
Columbia International,NA,NA,67,67,NA,82,82,NA,-15,-15,NA,0,0,2,0
Concordia College MN,NA,NA,44,44,NA,88,88,NA,-44,-44,NA,0,0,1,0
Concordia MI,NA,NA,68,68,NA,88,88,NA,-20,-20,NA,0,0,1,0
Concordia TX,NA,NA,82,82,NA,78,78,NA,4,4,NA,1,1,1,0
Connecticut,Big East,77.9047619047619,69.41666666666667,74.81818181818181,64.14285714285714,67.33333333333333,65.3030303030303,13.761904761904763,2.0833333333333335,9.515151515151516,0.8095238095238095,0.5,0.6970000000000001,33,1
Converse,NA,NA,41.333333333333336,41.333333333333336,NA,78.33333333333333,78.33333333333333,NA,-37,-37,NA,0,0,3,0
Coppin St.,Mid-Eastern Athletic,68.88888888888889,66.17391304347827,66.9375,71.66666666666667,75.8695652173913,74.6875,-2.7777777777777777,-9.695652173913043,-7.75,0.3333333333333333,0.2608695652173913,0.2812,32,0
Cornell,Ivy League,86.83333333333333,72.64285714285714,79.1923076923077,70.5,78.21428571428571,74.65384615384616,16.333333333333332,-5.571428571428571,4.538461538461538,0.8333333333333334,0.35714285714285715,0.5769,26,0
Covenant,NA,NA,45,45,NA,92.5,92.5,NA,-47.5,-47.5,NA,0,0,2,0
Creighton,Big East,71.63157894736842,66.3125,69.2,64.78947368421052,68.3125,66.4,6.842105263157895,-2,2.8,0.7368421052631579,0.5625,0.6570999999999999,35,1
Crowley's Ridge,NA,NA,56,56,NA,99,99,NA,-43,-43,NA,0,0,1,0
Crown,NA,NA,53,53,NA,73,73,NA,-20,-20,NA,0,0,1,0
Culver Stockton,NA,NA,69,69,NA,91,91,NA,-22,-22,NA,0,0,1,0
Cumberland,NA,NA,77,77,NA,109,109,NA,-32,-32,NA,0,0,1,0
Dallas Christian,NA,NA,55.4,55.4,NA,93.2,93.2,NA,-37.8,-37.8,NA,0,0,5,0
Dartmouth,Ivy League,73.7,64.8,68.36,64.6,70.6,68.2,9.1,-5.8,0.16,0.5,0.26666666666666666,0.36,25,0
Davidson,Atlantic 10,76.94117647058823,74.05882352941177,75.5,62.411764705882355,69.58823529411765,66,14.529411764705882,4.470588235294118,9.5,0.8823529411764706,0.7058823529411765,0.7940999999999999,34,1
Dayton,Atlantic 10,70.10526315789474,68.1875,69.22857142857143,60.68421052631579,61.875,61.22857142857143,9.421052631578947,6.3125,8,0.7368421052631579,0.625,0.6857,35,0
Defiance,NA,NA,48.666666666666664,48.666666666666664,NA,95.66666666666667,95.66666666666667,NA,-47,-47,NA,0,0,3,0
Delaware,Colonial Athletic Association,76.11764705882354,70.77777777777777,73.37142857142857,71,69.38888888888889,70.17142857142858,5.117647058823529,1.3888888888888888,3.2,0.6470588235294118,0.6111111111111112,0.6286,35,1
Delaware St.,Mid-Eastern Athletic,63.142857142857146,62.357142857142854,62.75,65.5,81.5,73.5,-2.357142857142857,-19.142857142857142,-10.75,0.14285714285714285,0,0.07139999999999999,28,0
Denver,Summit League,74.3076923076923,67.94736842105263,70.53125,74.23076923076923,74.47368421052632,74.375,0.07692307692307693,-6.526315789473684,-3.84375,0.46153846153846156,0.2631578947368421,0.34380000000000005,32,0
DePaul,Big East,78.55555555555556,66,73.29032258064517,72.88888888888889,71.23076923076923,72.19354838709677,5.666666666666667,-5.230769230769231,1.096774193548387,0.6111111111111112,0.3076923076923077,0.4839,31,0
DePauw,NA,NA,58,58,NA,69,69,NA,-11,-11,NA,0,0,1,0
Detroit Mercy,Horizon League,80.4,65.9,70.73333333333333,65.4,73.05,70.5,15,-7.15,0.23333333333333334,0.9,0.25,0.4667,30,0
Dickinson St.,NA,NA,27,27,NA,74,74,NA,-47,-47,NA,0,0,1,0
Dillard,NA,NA,66,66,NA,93,93,NA,-27,-27,NA,0,0,1,0
District of Columbia,NA,NA,59,59,NA,87,87,NA,-28,-28,NA,0,0,1,0
Dixie St.,Western Athletic,77.6470588235294,66.21428571428571,72.48387096774194,69.6470588235294,79.42857142857143,74.06451612903226,8,-13.214285714285714,-1.5806451612903225,0.5882352941176471,0.21428571428571427,0.4194,31,0
Drake,Missouri Valley,74.32,72.9090909090909,73.88888888888889,65.04,69.54545454545455,66.41666666666667,9.28,3.3636363636363638,7.472222222222222,0.64,0.8181818181818182,0.6944,36,0
Drexel,Colonial Athletic Association,74.07142857142857,71.66666666666667,72.82758620689656,67.92857142857143,72.46666666666667,70.27586206896552,6.142857142857143,-0.8,2.5517241379310347,0.6428571428571429,0.4,0.5172,29,0
Dubuque,NA,NA,58,58,NA,95,95,NA,-37,-37,NA,0,0,1,0
Duke,Atlantic Coast,81.5,76.36363636363636,80.05128205128206,69.28571428571429,63.90909090909091,67.76923076923077,12.214285714285714,12.454545454545455,12.282051282051283,0.8214285714285714,0.8181818181818182,0.8205,39,1
Duquesne,Atlantic 10,63.294117647058826,67.6923076923077,65.2,70.29411764705883,77.46153846153847,73.4,-7,-9.76923076923077,-8.2,0.29411764705882354,0.07692307692307693,0.2,30,0
Earlham,NA,NA,54,54,NA,103,103,NA,-49,-49,NA,0,0,1,0
East Carolina,American Athletic,71.52631578947368,64,68.76666666666667,70.21052631578948,72.18181818181819,70.93333333333334,1.3157894736842106,-8.181818181818182,-2.1666666666666665,0.631578947368421,0.2727272727272727,0.5,30,0
East Tennessee St.,Southern,74.375,69.75,72.0625,70.5,75.5,73,3.875,-5.75,-0.9375,0.5625,0.375,0.46880000000000005,32,0
East West,NA,NA,58.5,58.5,NA,88,88,NA,-29.5,-29.5,NA,0,0,2,0
Eastern,NA,NA,63,63,NA,70,70,NA,-7,-7,NA,0,0,1,0
Eastern Illinois,Ohio Valley,61.84615384615385,52.333333333333336,56.32258064516129,71.38461538461539,70.94444444444444,71.12903225806451,-9.538461538461538,-18.61111111111111,-14.806451612903226,0.3076923076923077,0.05555555555555555,0.1613,31,0
Eastern Kentucky,Atlantic Sun,83.41176470588235,74.21428571428571,79.25806451612904,69.47058823529412,81.85714285714286,75.06451612903226,13.941176470588236,-7.642857142857143,4.193548387096774,0.7058823529411765,0.07142857142857142,0.4194,31,0
Eastern Mennonite,NA,NA,54,54,NA,96,96,NA,-42,-42,NA,0,0,1,0
Eastern Michigan,Mid-American,72.13333333333334,66.3125,69.12903225806451,73.26666666666667,78.5625,76,-1.1333333333333333,-12.25,-6.870967741935484,0.5333333333333333,0.125,0.3226,31,0
Eastern Oregon,NA,NA,61,61,NA,82,82,NA,-21,-21,NA,0,0,1,0
Eastern Washington,Big Sky,82.57142857142857,72.85,76.8529411764706,76.14285714285714,73.5,74.58823529411765,6.428571428571429,-0.65,2.264705882352941,0.7142857142857143,0.4,0.5294,34,0
Ecclesia,NA,NA,63.4,63.4,NA,107.2,107.2,NA,-43.8,-43.8,NA,0,0,5,0
Eckerd,NA,NA,59,59,NA,99,99,NA,-40,-40,NA,0,0,1,0
Edinboro,NA,NA,61,61,NA,75,75,NA,-14,-14,NA,0,0,1,0
Edward Waters,NA,NA,57,57,NA,103,103,NA,-46,-46,NA,0,0,1,0
Elizabethtown,NA,NA,42,42,NA,69,69,NA,-27,-27,NA,0,0,1,0
Elon,Colonial Athletic Association,72.47058823529412,62.75,67.75757575757575,70.82352941176471,73.6875,72.21212121212122,1.6470588235294117,-10.9375,-4.454545454545454,0.47058823529411764,0.1875,0.3333,33,0
Embry Riddle,NA,NA,54,54,NA,101,101,NA,-47,-47,NA,0,0,1,0
Emerson,NA,NA,48,48,NA,77,77,NA,-29,-29,NA,0,0,1,0
Emory & Henry,NA,NA,67,67,NA,80,80,NA,-13,-13,NA,0,0,2,0
Erskine,NA,NA,42.5,42.5,NA,83.5,83.5,NA,-41,-41,NA,0,0,2,0
Evangel,NA,NA,56,56,NA,103,103,NA,-47,-47,NA,0,0,1,0
Evansville,Missouri Valley,62.714285714285715,56.0625,59.166666666666664,68.35714285714286,72.8125,70.73333333333333,-5.642857142857143,-16.75,-11.566666666666666,0.2857142857142857,0.125,0.2,30,0
Evergreen St.,NA,NA,44,44,NA,100,100,NA,-56,-56,NA,0,0,1,0
Fairfield,Metro Atlantic Athletic,69,66.76470588235294,67.84848484848484,65.25,66.6470588235294,65.96969696969697,3.75,0.11764705882352941,1.878787878787879,0.4375,0.47058823529411764,0.4545,33,0
Fairleigh Dickinson,Northeast,71,65.23529411764706,67.23076923076923,73.22222222222223,82.29411764705883,79.15384615384616,-2.2222222222222223,-17.058823529411764,-11.923076923076923,0.3333333333333333,0.058823529411764705,0.15380000000000002,26,0
Farmingdale St.,NA,NA,57,57,NA,87,87,NA,-30,-30,NA,0,0,1,0
Ferrum,NA,NA,73,73,NA,101,101,NA,-28,-28,NA,0,0,1,0
Fisher,NA,NA,47,47,NA,110.66666666666667,110.66666666666667,NA,-63.666666666666664,-63.666666666666664,NA,0,0,3,0
Fisk,NA,NA,56,56,NA,111,111,NA,-55,-55,NA,0,0,1,0
FIU,NCAA,75.63157894736842,63.61538461538461,70.75,69.78947368421052,72.92307692307692,71.0625,5.842105263157895,-9.307692307692308,-0.3125,0.6842105263157895,0.15384615384615385,0.46880000000000005,32,0
Florida,Southeastern,72.10526315789474,68.66666666666667,70.58823529411765,63.26315789473684,70.6,66.5,8.842105263157896,-1.9333333333333333,4.088235294117647,0.7368421052631579,0.4,0.5882000000000001,34,0
Florida A&M,Southwest Athletic,69.92307692307692,61.23529411764706,65,68.84615384615384,68.76470588235294,68.8,1.0769230769230769,-7.529411764705882,-3.8,0.6153846153846154,0.29411764705882354,0.43329999999999996,30,0
Florida Atlantic,Conference USA,78.33333333333333,67.23076923076923,74.08823529411765,66.28571428571429,71,68.08823529411765,12.047619047619047,-3.769230769230769,6,0.7142857142857143,0.3076923076923077,0.5588000000000001,34,0
Florida Gulf Coast,Atlantic Sun,80.10526315789474,74.6,77.67647058823529,69.94736842105263,78.4,73.67647058823529,10.157894736842104,-3.8,4,0.8421052631578947,0.4,0.6470999999999999,34,0
Florida Memorial,NA,NA,67,67,NA,74,74,NA,-7,-7,NA,0,0,1,0
Florida National,NA,NA,57,57,NA,94,94,NA,-37,-37,NA,0,0,1,0
Florida St.,Atlantic Coast,74.6875,67.06666666666666,71,71.4375,72.46666666666667,71.93548387096774,3.25,-5.4,-0.9354838709677419,0.6875,0.4,0.5484,31,0
Florida Tech,NA,NA,55,55,NA,78,78,NA,-23,-23,NA,0,0,1,0
Fordham,Atlantic 10,68.72222222222223,62.714285714285715,66.09375,63.611111111111114,70.85714285714286,66.78125,5.111111111111111,-8.142857142857142,-0.6875,0.7222222222222222,0.21428571428571427,0.5,32,0
Fort Valley St.,NA,NA,63,63,NA,76,76,NA,-13,-13,NA,0,0,1,0
Franciscan,NA,NA,54,54,NA,100,100,NA,-46,-46,NA,0,0,1,0
Franklin,NA,NA,37,37,NA,75,75,NA,-38,-38,NA,0,0,1,0
Fredonia St.,NA,NA,40,40,NA,106,106,NA,-66,-66,NA,0,0,1,0
Fresno Pacific,NA,NA,54,54,NA,74,74,NA,-20,-20,NA,0,0,1,0
Fresno St.,Mountain West,68.65,63.1875,66.22222222222223,58.75,60.25,59.416666666666664,9.9,2.9375,6.805555555555555,0.8,0.4375,0.6389,36,0
Furman,Southern,79.29411764705883,76,77.6470588235294,66.29411764705883,71.11764705882354,68.70588235294117,13,4.882352941176471,8.941176470588236,0.8235294117647058,0.47058823529411764,0.6470999999999999,34,0
Gallaudet,NA,NA,38,38,NA,96,96,NA,-58,-58,NA,0,0,1,0
Gardner Webb,Big South,73.86666666666666,65.375,69.48387096774194,61.53333333333333,66.625,64.16129032258064,12.333333333333334,-1.25,5.32258064516129,0.8,0.375,0.5806,31,0
George Fox,NA,NA,71.5,71.5,NA,99.5,99.5,NA,-28,-28,NA,0,0,2,0
George Mason,Atlantic 10,74.07142857142857,67.8125,70.73333333333333,66.57142857142857,70.25,68.53333333333333,7.5,-2.4375,2.2,0.7142857142857143,0.25,0.4667,30,0
George Washington,Atlantic 10,72.5,63.642857142857146,68.36666666666666,73.1875,72.42857142857143,72.83333333333333,-0.6875,-8.785714285714286,-4.466666666666667,0.5625,0.21428571428571427,0.4,30,0
Georgetown,Big East,73.33333333333333,67.07692307692308,70.70967741935483,75.77777777777777,78.76923076923077,77.03225806451613,-2.4444444444444446,-11.692307692307692,-6.32258064516129,0.3333333333333333,0,0.1935,31,0
Georgetown KY,NA,NA,63,63,NA,93,93,NA,-30,-30,NA,0,0,1,0
Georgia,Southeastern,72.21052631578948,66.3076923076923,69.8125,76.47368421052632,81.46153846153847,78.5,-4.2631578947368425,-15.153846153846153,-8.6875,0.3157894736842105,0,0.1875,32,0
Georgia Southern,Sun Belt,72.66666666666667,62.05882352941177,66.44827586206897,64,66.76470588235294,65.62068965517241,8.666666666666666,-4.705882352941177,0.8275862068965517,0.5833333333333334,0.35294117647058826,0.4483,29,0
Georgia St.,Sun Belt,74.71428571428571,66.86666666666666,70.65517241379311,60.857142857142854,70.26666666666667,65.72413793103448,13.857142857142858,-3.4,4.931034482758621,0.7142857142857143,0.5333333333333333,0.6207,29,1
Georgia Tech,Atlantic Coast,69.78947368421052,66.84615384615384,68.59375,67.63157894736842,75.3076923076923,70.75,2.1578947368421053,-8.461538461538462,-2.15625,0.47368421052631576,0.23076923076923078,0.375,32,0
Gonzaga,West Coast,87.2,87.14285714285714,87.1875,65.08,70.28571428571429,66.21875,22.12,16.857142857142858,20.96875,0.92,0.7142857142857143,0.875,32,1
Gordon,NA,NA,61,61,NA,85,85,NA,-24,-24,NA,0,0,1,0
Goucher,NA,NA,41,41,NA,100,100,NA,-59,-59,NA,0,0,1,0
Grambling St.,Southwest Athletic,69.41666666666667,62.95,65.375,65.41666666666667,74.4,71.03125,4,-11.45,-5.65625,0.5833333333333334,0.25,0.375,32,0
Grand Canyon,Western Athletic,73.63157894736842,67.08333333333333,71.09677419354838,58.10526315789474,66.16666666666667,61.225806451612904,15.526315789473685,0.9166666666666666,9.870967741935484,0.8947368421052632,0.5,0.7419,31,0
Green Bay,Horizon League,63.86666666666667,59.6,61.733333333333334,68.2,69.66666666666667,68.93333333333334,-4.333333333333333,-10.066666666666666,-7.2,0.26666666666666666,0.06666666666666667,0.16670000000000001,30,0
Greensboro,NA,NA,69,69,NA,77,77,NA,-8,-8,NA,0,0,1,0
Guilford,NA,NA,63.5,63.5,NA,70.5,70.5,NA,-7,-7,NA,0,0,2,0
Gwynedd Mercy,NA,NA,61.5,61.5,NA,84.5,84.5,NA,-23,-23,NA,0,0,2,0
Hampton,Big South,67.35714285714286,62.142857142857146,64.75,67.71428571428571,71.28571428571429,69.5,-0.35714285714285715,-9.142857142857142,-4.75,0.5,0.14285714285714285,0.3214,28,0
Hanover,NA,NA,49,49,NA,90,90,NA,-41,-41,NA,0,0,1,0
Hardin Simmons,NA,NA,53,53,NA,103,103,NA,-50,-50,NA,0,0,2,0
Harding,NA,NA,55,55,NA,81,81,NA,-26,-26,NA,0,0,1,0
Harris Stowe,NA,NA,54,54,NA,127,127,NA,-73,-73,NA,0,0,1,0
Hartford,America East,71.25,68.95,69.8125,69.91666666666667,73.5,72.15625,1.3333333333333333,-4.55,-2.34375,0.5833333333333334,0.25,0.375,32,0
Hartwick,NA,NA,41,41,NA,110,110,NA,-69,-69,NA,0,0,1,0
Harvard,Ivy League,72.8,69.63636363636364,71.46153846153847,67.6,71.18181818181819,69.11538461538461,5.2,-1.5454545454545454,2.3461538461538463,0.6,0.36363636363636365,0.5,26,0
Haskell,NA,NA,46,46,NA,89,89,NA,-43,-43,NA,0,0,1,0
Hastings,NA,NA,58,58,NA,87.5,87.5,NA,-29.5,-29.5,NA,0,0,2,0
Hawaii,Big West,72.6470588235294,63,68.85714285714286,64.41176470588235,63.72727272727273,64.14285714285714,8.235294117647058,-0.7272727272727273,4.714285714285714,0.7058823529411765,0.45454545454545453,0.6071,28,0
Hawaii Hilo,NA,NA,70.5,70.5,NA,91,91,NA,-20.5,-20.5,NA,0,0,2,0
Hawaii Pacific,NA,NA,52,52,NA,88,88,NA,-36,-36,NA,0,0,1,0
Hawaii-Hilo,NA,87,NA,87,79,NA,79,8,NA,8,1,NA,1,1,0
Heidelberg,NA,NA,45,45,NA,90,90,NA,-45,-45,NA,0,0,1,0
Hendrix,NA,NA,56,56,NA,90,90,NA,-34,-34,NA,0,0,1,0
High Point,Big South,72.58823529411765,66.06666666666666,69.53125,66.88235294117646,73,69.75,5.705882352941177,-6.933333333333334,-0.21875,0.6470588235294118,0.2,0.4375,32,0
Hofstra,Colonial Athletic Association,80.93333333333334,75.29411764705883,77.9375,73.26666666666667,72.58823529411765,72.90625,7.666666666666667,2.7058823529411766,5.03125,0.8,0.5294117647058824,0.6562,32,0
Holy Cross,Patriot League,66.75,63.6,65.2258064516129,67.9375,73.66666666666667,70.70967741935483,-1.1875,-10.066666666666666,-5.483870967741935,0.3125,0.26666666666666666,0.2903,31,0
Hope,NA,NA,58,58,NA,76,76,NA,-18,-18,NA,0,0,1,0
Houston,American Athletic,76.91304347826087,71.66666666666667,74.84210526315789,55.56521739130435,63.666666666666664,58.76315789473684,21.347826086956523,8,16.07894736842105,0.9130434782608695,0.7333333333333333,0.8421,38,1
Houston Baptist,Southland,86.86666666666666,63.357142857142854,75.51724137931035,78.46666666666667,74.5,76.55172413793103,8.4,-11.142857142857142,-1.0344827586206897,0.5333333333333333,0.21428571428571427,0.37929999999999997,29,0
Howard,Mid-Eastern Athletic,79.46666666666667,73.07142857142857,76.37931034482759,63.8,75.85714285714286,69.62068965517241,15.666666666666666,-2.7857142857142856,6.758620689655173,0.6666666666666666,0.42857142857142855,0.5517,29,0
Howard Payne,NA,NA,43.5,43.5,NA,103.5,103.5,NA,-60,-60,NA,0,0,2,0
Idaho,Big Sky,75.82352941176471,69.57142857142857,73,80.70588235294117,78.28571428571429,79.61290322580645,-4.882352941176471,-8.714285714285714,-6.612903225806452,0.47058823529411764,0.07142857142857142,0.2903,31,0
Idaho St.,Big Sky,70.76923076923077,59.470588235294116,64.36666666666666,71.6923076923077,71.41176470588235,71.53333333333333,-0.9230769230769231,-11.941176470588236,-7.166666666666667,0.38461538461538464,0.11764705882352941,0.23329999999999998,30,0
Illinois,Big Ten,74.45,74.38461538461539,74.42424242424242,65.5,69.84615384615384,67.21212121212122,8.95,4.538461538461538,7.212121212121212,0.7,0.6923076923076923,0.6970000000000001,33,1
Illinois Chicago,Horizon League,69.76923076923077,73.6470588235294,71.96666666666667,68.61538461538461,76.23529411764706,72.93333333333334,1.1538461538461537,-2.588235294117647,-0.9666666666666667,0.46153846153846156,0.47058823529411764,0.4667,30,0
Illinois Springfield,NA,NA,50,50,NA,90,90,NA,-40,-40,NA,0,0,1,0
Illinois St.,Missouri Valley,76.6842105263158,70.71428571428571,74.15151515151516,71.21052631578948,79.5,74.72727272727273,5.473684210526316,-8.785714285714286,-0.5757575757575758,0.631578947368421,0.07142857142857142,0.39390000000000003,33,0
Immaculata,NA,NA,46,46,NA,104,104,NA,-58,-58,NA,0,0,1,0
Incarnate Word,Southland,71.83333333333333,60.857142857142854,67.03125,73.38888888888889,80.28571428571429,76.40625,-1.5555555555555556,-19.428571428571427,-9.375,0.3333333333333333,0.07142857142857142,0.2188,32,0
Indiana,Big Ten,71.78947368421052,69.625,70.8,60.78947368421053,72.5625,66.17142857142858,11,-2.9375,4.628571428571429,0.7894736842105263,0.375,0.6,35,1
Indiana Kokomo,NA,NA,58,58,NA,85,85,NA,-27,-27,NA,0,0,1,0
Indiana St.,Missouri Valley,72.70588235294117,68.4,70.6875,68.76470588235294,75.33333333333333,71.84375,3.9411764705882355,-6.933333333333334,-1.15625,0.5294117647058824,0.2,0.375,32,0
Iona,Metro Atlantic Athletic,78.3157894736842,71,75.21212121212122,68.10526315789474,69.28571428571429,68.60606060606061,10.210526315789474,1.7142857142857142,6.606060606060606,0.8947368421052632,0.5714285714285714,0.7576,33,0
Iowa,Big Ten,87.27272727272727,76.78571428571429,83.19444444444444,69.54545454545455,73.71428571428571,71.16666666666667,17.727272727272727,3.0714285714285716,12.027777777777779,0.8181818181818182,0.5714285714285714,0.7222,36,1
Iowa St.,Big 12,67.94736842105263,62.8125,65.6,59.05263157894737,66.6875,62.542857142857144,8.894736842105264,-3.875,3.057142857142857,0.7368421052631579,0.5,0.6286,35,1
Iowa Wesleyan,NA,NA,71,71,NA,97,97,NA,-26,-26,NA,0,0,1,0
IUPUI,Horizon League,52.6,52.285714285714285,52.44827586206897,65.06666666666666,69.28571428571429,67.10344827586206,-12.466666666666667,-17,-14.655172413793103,0.13333333333333333,0.07142857142857142,0.10339999999999999,29,0
Jackson St.,Southwest Athletic,67.55555555555556,58.142857142857146,60.96666666666667,65.55555555555556,65.42857142857143,65.46666666666667,2,-7.285714285714286,-4.5,0.6666666666666666,0.23809523809523808,0.3667,30,0
Jacksonville,Atlantic Sun,74.73333333333333,60,67.12903225806451,55.13333333333333,63.25,59.32258064516129,19.6,-3.25,7.806451612903226,1,0.375,0.6774,31,0
Jacksonville St.,Atlantic Sun,75.76470588235294,71,73.53125,66.70588235294117,67.8,67.21875,9.058823529411764,3.2,6.3125,0.7058823529411765,0.6,0.6562,32,1
James Madison,Colonial Athletic Association,77.1875,72.53846153846153,75.10344827586206,69.6875,77.53846153846153,73.20689655172414,7.5,-5,1.896551724137931,0.5625,0.46153846153846156,0.5172,29,0
Jarvis Christian,NA,NA,57.5,57.5,NA,90,90,NA,-32.5,-32.5,NA,0,0,4,0
John Jay,NA,NA,51,51,NA,102,102,NA,-51,-51,NA,0,0,1,0
Johnson & Wales NC,NA,NA,67.5,67.5,NA,112,112,NA,-44.5,-44.5,NA,0,0,2,0
Johnson & Wales RI,NA,NA,47,47,NA,98,98,NA,-51,-51,NA,0,0,1,0
Johnson FL,NA,NA,49.5,49.5,NA,96,96,NA,-46.5,-46.5,NA,0,0,2,0
Kansas,Big 12,79.07142857142857,76.25,78.225,65.32142857142857,71.75,67.25,13.75,4.5,10.975,0.9285714285714286,0.6666666666666666,0.85,40,1
Kansas Christian,NA,NA,36,36,NA,99,99,NA,-63,-63,NA,0,0,1,0
Kansas St.,Big 12,69.42105263157895,68.33333333333333,69,65.10526315789474,71.16666666666667,67.45161290322581,4.315789473684211,-2.8333333333333335,1.5483870967741935,0.47368421052631576,0.4166666666666667,0.45159999999999995,31,0
Kean,NA,NA,59,59,NA,100,100,NA,-41,-41,NA,0,0,1,0
Keene St.,NA,NA,54,54,NA,92,92,NA,-38,-38,NA,0,0,1,0
Kennesaw St.,Atlantic Sun,78.8125,70.53333333333333,74.80645161290323,66.3125,76.33333333333333,71.16129032258064,12.5,-5.8,3.6451612903225805,0.625,0.2,0.4194,31,0
Kent St.,Mid-American,74.72222222222223,67.375,71.26470588235294,63.888888888888886,66.6875,65.20588235294117,10.833333333333334,0.6875,6.0588235294117645,0.7222222222222222,0.625,0.6765000000000001,34,0
Kentucky,Southeastern,85.42857142857143,69.76923076923077,79.44117647058823,65.38095238095238,68.46153846153847,66.55882352941177,20.047619047619047,1.3076923076923077,12.882352941176471,0.9523809523809523,0.46153846153846156,0.7646999999999999,34,1
Kentucky Christian,NA,NA,64.66666666666667,64.66666666666667,NA,82.33333333333333,82.33333333333333,NA,-17.666666666666668,-17.666666666666668,NA,0,0,3,0
Keuka,NA,NA,64,64,NA,122,122,NA,-58,-58,NA,0,0,1,0
Keystone,NA,NA,35,35,NA,97,97,NA,-62,-62,NA,0,0,1,0
Knox,NA,NA,37,37,NA,75,75,NA,-38,-38,NA,0,0,1,0
La Salle,Atlantic 10,67.05882352941177,68.07692307692308,67.5,68.58823529411765,75.38461538461539,71.53333333333333,-1.5294117647058822,-7.3076923076923075,-4.033333333333333,0.5294117647058824,0.15384615384615385,0.3667,30,0
La Sierra,NA,NA,54,54,NA,72,72,NA,-18,-18,NA,0,0,1,0
La Verne,NA,NA,40,40,NA,99.66666666666667,99.66666666666667,NA,-59.666666666666664,-59.666666666666664,NA,0,0,3,0
Lafayette,Patriot League,72.6,63,67.8,73.53333333333333,72.13333333333334,72.83333333333333,-0.9333333333333333,-9.133333333333333,-5.033333333333333,0.4,0.26666666666666666,0.3333,30,0
LaGrange,NA,NA,80,80,NA,110,110,NA,-30,-30,NA,0,0,1,0
Lake Erie,NA,NA,53,53,NA,86,86,NA,-33,-33,NA,0,0,1,0
Lamar,Western Athletic,64.18181818181819,59.55555555555556,61.310344827586206,68.72727272727273,75.55555555555556,72.96551724137932,-4.545454545454546,-16,-11.655172413793103,0.18181818181818182,0,0.069,29,0
Lancaster Bible,NA,NA,45,45,NA,91,91,NA,-46,-46,NA,0,0,2,0
Lees McRae,NA,NA,74,74,NA,92,92,NA,-18,-18,NA,0,0,1,0
Lehigh,Patriot League,72.75,64.125,68.4375,72.25,70.5,71.375,0.5,-6.375,-2.9375,0.5625,0.25,0.40619999999999995,32,0
LeMoyne Owen,NA,NA,70,70,NA,95,95,NA,-25,-25,NA,0,0,1,0
Lenoir Rhyne,NA,NA,66,66,NA,90,90,NA,-24,-24,NA,0,0,1,0
LeTourneau,NA,NA,50.5,50.5,NA,94.5,94.5,NA,-44,-44,NA,0,0,2,0
Liberty,Atlantic Sun,76.11764705882354,70.4375,73.36363636363636,58.88235294117647,68.3125,63.45454545454545,17.235294117647058,2.125,9.909090909090908,0.7647058823529411,0.5625,0.6667000000000001,33,0
Life,NA,NA,50,50,NA,78,78,NA,-28,-28,NA,0,0,1,0
Life Pacific,NA,NA,55.333333333333336,55.333333333333336,NA,84.66666666666667,84.66666666666667,NA,-29.333333333333332,-29.333333333333332,NA,0,0,3,0
Lincoln CA,NA,NA,54,54,NA,90,90,NA,-36,-36,NA,0,0,1,0
Lindsey Wilson,NA,NA,68,68,NA,86,86,NA,-18,-18,NA,0,0,1,0
Lipscomb,Atlantic Sun,79.0625,71.22222222222223,74.91176470588235,75.5,79.22222222222223,77.47058823529412,3.5625,-8,-2.5588235294117645,0.625,0.2777777777777778,0.4412,34,0
Little Rock,Sun Belt,71.64285714285714,61.785714285714285,66.71428571428571,70.21428571428571,76,73.10714285714286,1.4285714285714286,-14.214285714285714,-6.392857142857143,0.5,0.14285714285714285,0.3214,28,0
LIU,Northeast,85.76923076923077,66.47058823529412,74.83333333333333,70.46153846153847,75.76470588235294,73.46666666666667,15.307692307692308,-9.294117647058824,1.3666666666666667,0.9230769230769231,0.23529411764705882,0.5333,30,0
Long Beach St.,Big West,74.55,72.76923076923077,73.84848484848484,70.3,77.15384615384616,73,4.25,-4.384615384615385,0.8484848484848485,0.7,0.46153846153846156,0.6061,33,0
Longwood,Big South,80.85,67.92307692307692,75.75757575757575,62.2,71.15384615384616,65.72727272727273,18.65,-3.230769230769231,10.030303030303031,0.95,0.5384615384615384,0.7879,33,1
Louisiana,Sun Belt,74.64285714285714,68.11764705882354,71.06451612903226,69.71428571428571,69.11764705882354,69.38709677419355,4.928571428571429,-1,1.6774193548387097,0.5714285714285714,0.47058823529411764,0.5161,31,0
Louisiana College,NA,NA,64.5,64.5,NA,80,80,NA,-15.5,-15.5,NA,0,0,2,0
Louisiana Monroe,Sun Belt,78.8125,68.0625,73.4375,68.8125,79.375,74.09375,10,-11.3125,-0.65625,0.5625,0.3125,0.4375,32,0
Louisiana Tech,Conference USA,79.70588235294117,70.76470588235294,75.23529411764706,65.17647058823529,70.82352941176471,68,14.529411764705882,-0.058823529411764705,7.235294117647059,0.8235294117647058,0.5882352941176471,0.7059000000000001,34,0
Louisville,Atlantic Coast,70.66666666666667,63,67.3125,68.88888888888889,71.64285714285714,70.09375,1.7777777777777777,-8.642857142857142,-2.78125,0.5555555555555556,0.21428571428571427,0.40619999999999995,32,0
Loyola Chicago,Missouri Valley,79.6875,66.3529411764706,72.81818181818181,61.625,61.35294117647059,61.484848484848484,18.0625,5,11.333333333333334,0.8125,0.7058823529411765,0.7576,33,1
Loyola Marymount,West Coast,72.46666666666667,65.92857142857143,69.3103448275862,73.26666666666667,74.92857142857143,74.06896551724138,-0.8,-9,-4.758620689655173,0.4666666666666667,0.2857142857142857,0.37929999999999997,29,0
Loyola MD,Patriot League,67.2,65.06666666666666,66.13333333333334,60.4,70.93333333333334,65.66666666666667,6.8,-5.866666666666666,0.4666666666666667,0.7333333333333333,0.2,0.4667,30,0
LSU,Southeastern,76.25,67.28571428571429,72.55882352941177,59.65,68.78571428571429,63.411764705882355,16.6,-1.5,9.147058823529411,0.85,0.35714285714285715,0.6470999999999999,34,1
LSU Alexandria,NA,NA,73,73,NA,82,82,NA,-9,-9,NA,0,0,1,0
LSU Shreveport,NA,NA,52.5,52.5,NA,78.5,78.5,NA,-26,-26,NA,0,0,2,0
Lyon,NA,NA,66,66,NA,88,88,NA,-22,-22,NA,0,0,1,0
Maine,America East,64,61,62.44827586206897,65.42857142857143,76.46666666666667,71.13793103448276,-1.4285714285714286,-15.466666666666667,-8.689655172413794,0.35714285714285715,0.06666666666666667,0.2069,29,0
Maine Farmington,NA,NA,52,52,NA,71,71,NA,-19,-19,NA,0,0,1,0
Maine Fort Kent,NA,NA,39.5,39.5,NA,78.5,78.5,NA,-39,-39,NA,0,0,2,0
Manhattan,Metro Atlantic Athletic,71.25,70.42857142857143,70.86666666666666,68.75,77.07142857142857,72.63333333333334,2.5,-6.642857142857143,-1.7666666666666666,0.625,0.35714285714285715,0.5,30,0
Manhattanville,NA,NA,42,42,NA,99,99,NA,-57,-57,NA,0,0,1,0
Marist,Metro Atlantic Athletic,69,68.5625,68.76666666666667,66.78571428571429,69.375,68.16666666666667,2.2142857142857144,-0.8125,0.6,0.5,0.4375,0.4667,30,0
Marquette,Big East,74.94117647058823,73,74.03125,68.41176470588235,75.26666666666667,71.625,6.529411764705882,-2.2666666666666666,2.40625,0.7647058823529411,0.4,0.5938,32,1
Marshall,Conference USA,79,70,74.76470588235294,74.77777777777777,77.125,75.88235294117646,4.222222222222222,-7.125,-1.1176470588235294,0.5,0.25,0.3824,34,0
Mary Baldwin,NA,NA,64,64,NA,98.5,98.5,NA,-34.5,-34.5,NA,0,0,2,0
Mary Hardin Baylor,NA,NA,69,69,NA,90,90,NA,-21,-21,NA,0,0,2,0
Maryland,Big Ten,70.6842105263158,71.3076923076923,70.9375,67.84210526315789,74.92307692307692,70.71875,2.8421052631578947,-3.6153846153846154,0.21875,0.5789473684210527,0.3076923076923077,0.46880000000000005,32,0
Maryland Eastern Shore,Mid-Eastern Athletic,73.6,61.294117647058826,65.85185185185185,61.7,69.11764705882354,66.37037037037037,11.9,-7.823529411764706,-0.5185185185185185,0.6,0.29411764705882354,0.40740000000000004,27,0
Maryville MO,NA,NA,55,55,NA,75,75,NA,-20,-20,NA,0,0,1,0
Maryville TN,NA,NA,78,78,NA,99,99,NA,-21,-21,NA,0,0,1,0
Mass College of Libera,NA,NA,45,45,NA,109,109,NA,-64,-64,NA,0,0,1,0
Massachusetts,Atlantic 10,77.9375,73.4375,75.6875,75.25,80.875,78.0625,2.6875,-7.4375,-2.375,0.6875,0.25,0.46880000000000005,32,0
McMurry,NA,NA,54,54,NA,89,89,NA,-35,-35,NA,0,0,1,0
McNeese St.,Southland,87.46153846153847,72.1,78.15151515151516,72,80.95,77.42424242424242,15.461538461538462,-8.85,0.7272727272727273,0.5384615384615384,0.2,0.3333,33,0
Medgar Evers,NA,NA,53,53,NA,111.5,111.5,NA,-58.5,-58.5,NA,0,0,2,0
Memphis,American Athletic,78.82352941176471,71.25,75.15151515151516,66.47058823529412,70.3125,68.33333333333333,12.352941176470589,0.9375,6.818181818181818,0.8235294117647058,0.5,0.6667000000000001,33,1
Menlo,NA,NA,53,53,NA,67,67,NA,-14,-14,NA,0,0,1,0
Mercer,Southern,72.88235294117646,67.875,70.45454545454545,67.23529411764706,74.0625,70.54545454545455,5.647058823529412,-6.1875,-0.09090909090909091,0.7058823529411765,0.25,0.48479999999999995,33,0
Merrimack,Northeast,63.785714285714285,59.375,61.43333333333333,63.07142857142857,65.5,64.36666666666666,0.7142857142857143,-6.125,-2.933333333333333,0.5,0.4375,0.4667,30,0
Methodist,NA,NA,42,42,NA,102,102,NA,-60,-60,NA,0,0,1,0
Miami FL,Atlantic Coast,77.27777777777777,70.78947368421052,73.94594594594595,71.27777777777777,69.47368421052632,70.35135135135135,6,1.3157894736842106,3.5945945945945947,0.6666666666666666,0.7368421052631579,0.7027,37,1
Miami Hamilton,NA,NA,66,66,NA,94,94,NA,-28,-28,NA,0,0,1,0
Miami OH,Mid-American,76.94117647058823,73.33333333333333,75.25,69.58823529411765,77.86666666666666,73.46875,7.352941176470588,-4.533333333333333,1.78125,0.5294117647058824,0.3333333333333333,0.4375,32,0
Michigan,Big Ten,74.61111111111111,70.4375,72.6470588235294,68.27777777777777,70.6875,69.41176470588235,6.333333333333333,-0.25,3.235294117647059,0.6111111111111112,0.5,0.5588000000000001,34,1
Michigan Dearborn,NA,NA,57,57,NA,100.66666666666667,100.66666666666667,NA,-43.666666666666664,-43.666666666666664,NA,0,0,3,0
Michigan St.,Big Ten,75.77777777777777,68.72222222222223,72.25,67.22222222222223,70.83333333333333,69.02777777777777,8.555555555555555,-2.111111111111111,3.2222222222222223,0.7777777777777778,0.5,0.6389,36,1
Mid Atlantic Christian,NA,NA,53.666666666666664,53.666666666666664,NA,94,94,NA,-40.333333333333336,-40.333333333333336,NA,0,0,3,0
Middle Tennessee,Conference USA,76.95238095238095,72.1875,74.89189189189189,62.476190476190474,73.375,67.1891891891892,14.476190476190476,-1.1875,7.702702702702703,0.9047619047619048,0.4375,0.7027,37,0
Midway,NA,NA,52.333333333333336,52.333333333333336,NA,105.66666666666667,105.66666666666667,NA,-53.333333333333336,-53.333333333333336,NA,0,0,3,0
Millersville,NA,NA,71,71,NA,77,77,NA,-6,-6,NA,0,0,1,0
Milligan,NA,NA,54,54,NA,95,95,NA,-41,-41,NA,0,0,4,0
Millsaps,NA,NA,29,29,NA,103,103,NA,-74,-74,NA,0,0,1,0
Milwaukee,Horizon League,66.29411764705883,63.06666666666667,64.78125,69.3529411764706,72.33333333333333,70.75,-3.0588235294117645,-9.266666666666667,-5.96875,0.35294117647058826,0.26666666666666666,0.3125,32,0
Minnesota,Big Ten,70.1875,63.357142857142854,67,67.9375,70.64285714285714,69.2,2.25,-7.285714285714286,-2.2,0.5625,0.2857142857142857,0.43329999999999996,30,0
Minnesota Duluth,NA,NA,62,62,NA,98,98,NA,-36,-36,NA,0,0,1,0
Minnesota Morris,NA,NA,47,47,NA,112,112,NA,-65,-65,NA,0,0,1,0
Mississippi,Southeastern,69.19047619047619,66.0909090909091,68.125,67.71428571428571,70.45454545454545,68.65625,1.4761904761904763,-4.363636363636363,-0.53125,0.47619047619047616,0.2727272727272727,0.40619999999999995,32,0
Mississippi College,NA,NA,58,58,NA,83,83,NA,-25,-25,NA,0,0,1,0
Mississippi St.,Southeastern,74.57142857142857,63.84615384615385,70.47058823529412,64.19047619047619,69.53846153846153,66.23529411764706,10.380952380952381,-5.6923076923076925,4.235294117647059,0.7619047619047619,0.15384615384615385,0.5294,34,0
Mississippi Valley St.,Southwest Athletic,68.72727272727273,66.23529411764706,67.21428571428571,76.63636363636364,87.05882352941177,82.96428571428571,-7.909090909090909,-20.823529411764707,-15.75,0,0.11764705882352941,0.07139999999999999,28,0
Missouri,Southeastern,68.10526315789474,61.857142857142854,65.45454545454545,67.26315789473684,74.78571428571429,70.45454545454545,0.8421052631578947,-12.928571428571429,-5,0.47368421052631576,0.21428571428571427,0.3636,33,0
Missouri Baptist,NA,NA,63,63,NA,71,71,NA,-8,-8,NA,0,0,1,0
Missouri S&T,NA,NA,66,66,NA,92,92,NA,-26,-26,NA,0,0,1,0
Missouri St.,Missouri Valley,79,74.85714285714286,77.29411764705883,68.1,70,68.88235294117646,10.9,4.857142857142857,8.411764705882353,0.7,0.6428571428571429,0.6765000000000001,34,0
MIT,NA,NA,52,52,NA,98,98,NA,-46,-46,NA,0,0,1,0
Mobile,NA,NA,45,45,NA,78,78,NA,-33,-33,NA,0,0,1,0
Molloy,NA,NA,49,49,NA,87,87,NA,-38,-38,NA,0,0,1,0
Monmouth,Metro Atlantic Athletic,70.875,66.61111111111111,68.61764705882354,68.1875,66.55555555555556,67.32352941176471,2.6875,0.05555555555555555,1.2941176470588236,0.6875,0.5555555555555556,0.6175999999999999,34,0
Montana,Big Sky,77.41176470588235,66.26666666666667,72.1875,60,74.73333333333333,66.90625,17.41176470588235,-8.466666666666667,5.28125,0.8235294117647058,0.26666666666666666,0.5625,32,0
Montana St.,Big Sky,75.63157894736842,77.625,76.54285714285714,64.42105263157895,75.0625,69.28571428571429,11.210526315789474,2.5625,7.257142857142857,0.9473684210526315,0.5625,0.7714,35,1
Montana Tech,NA,NA,57,57,NA,88,88,NA,-31,-31,NA,0,0,1,0
Montreat,NA,NA,60,60,NA,117,117,NA,-57,-57,NA,0,0,1,0
Moravian,NA,NA,55,55,NA,94,94,NA,-39,-39,NA,0,0,1,0
Morehead St.,Ohio Valley,73.8125,66.55555555555556,69.97058823529412,61.3125,65.38888888888889,63.470588235294116,12.5,1.1666666666666667,6.5,0.875,0.5,0.6765000000000001,34,0
Morehouse,NA,NA,70,70,NA,86,86,NA,-16,-16,NA,0,0,1,0
Morgan St.,Mid-Eastern Athletic,87.33333333333333,65.75,75,68.08333333333333,75.5625,72.35714285714286,19.25,-9.8125,2.642857142857143,0.75,0.25,0.4643,28,0
Morris,NA,NA,67,67,NA,105,105,NA,-38,-38,NA,0,0,4,0
Mount Marty,NA,NA,53,53,NA,82,82,NA,-29,-29,NA,0,0,1,0
Mount Olive,NA,NA,55,55,NA,85,85,NA,-30,-30,NA,0,0,1,0
Mount Saint Vincent,NA,NA,57,57,NA,91,91,NA,-34,-34,NA,0,0,2,0
Mount St. Mary's,Northeast,71.3076923076923,62.1764705882353,66.13333333333334,60.53846153846154,68.88235294117646,65.26666666666667,10.76923076923077,-6.705882352941177,0.8666666666666667,0.6153846153846154,0.35294117647058826,0.4667,30,0
Multnomah,NA,NA,56,56,NA,95,95,NA,-39,-39,NA,0,0,1,0
Murray St.,Ohio Valley,84.0952380952381,71.07692307692308,79.11764705882354,64.42857142857143,61.30769230769231,63.23529411764706,19.666666666666668,9.76923076923077,15.882352941176471,0.9047619047619048,0.9230769230769231,0.9118,34,1
N.C. State,Big Sky,72.63157894736842,73.53846153846153,73,74.21052631578948,77.61538461538461,75.59375,-1.5789473684210527,-4.076923076923077,-2.59375,0.3684210526315789,0.3076923076923077,0.34380000000000005,32,0
Navy,Patriot League,65.73333333333333,64.29411764705883,64.96875,61.2,59.1764705882353,60.125,4.533333333333333,5.117647058823529,4.84375,0.6,0.7058823529411765,0.6562,32,0
NC Wesleyan,NA,NA,61,61,NA,80,80,NA,-19,-19,NA,0,0,1,0
Nebraska,Big Ten,73.26315789473684,73.3076923076923,73.28125,75.47368421052632,83,78.53125,-2.210526315789474,-9.692307692307692,-5.25,0.3684210526315789,0.23076923076923078,0.3125,32,0
Nebraska Omaha,Summit League,75.85714285714286,64.125,69.6,80.21428571428571,86.375,83.5,-4.357142857142857,-22.25,-13.9,0.35714285714285715,0,0.16670000000000001,30,0
Neumann,NA,NA,74,74,NA,103,103,NA,-29,-29,NA,0,0,1,0
Nevada,Mountain West,75.23529411764706,69.28571428571429,72.54838709677419,71.94117647058823,75.78571428571429,73.6774193548387,3.2941176470588234,-6.5,-1.1290322580645162,0.5882352941176471,0.21428571428571427,0.4194,31,0
New England,NA,NA,50,50,NA,86,86,NA,-36,-36,NA,0,0,1,0
New Hampshire,America East,70.85714285714286,66.64285714285714,68.75,62.285714285714285,67.64285714285714,64.96428571428571,8.571428571428571,-1,3.7857142857142856,0.7142857142857143,0.35714285714285715,0.5357,28,0
New Mexico,Mountain West,77.11111111111111,70.57142857142857,74.25,71.27777777777777,80.57142857142857,75.34375,5.833333333333333,-10,-1.09375,0.6111111111111112,0.14285714285714285,0.40619999999999995,32,0
New Mexico Highlands,NA,NA,67,67,NA,94,94,NA,-27,-27,NA,0,0,1,0
New Mexico St.,Western Athletic,76.33333333333333,68.125,72.47058823529412,63.388888888888886,66,64.61764705882354,12.944444444444445,2.125,7.852941176470588,0.8888888888888888,0.6875,0.7940999999999999,34,1
New Orleans,Southland,81.75,72.5625,77.15625,67.4375,81.625,74.53125,14.3125,-9.0625,2.625,0.875,0.25,0.5625,32,0
New Paltz,NA,NA,52,52,NA,83,83,NA,-31,-31,NA,0,0,1,0
Niagara,Metro Atlantic Athletic,73.64285714285714,61.9375,67.4,64.35714285714286,66.5,65.5,9.285714285714286,-4.5625,1.9,0.6428571428571429,0.3125,0.4667,30,0
Nicholls St.,Southland,85.375,72,78.48484848484848,69.75,72.70588235294117,71.27272727272727,15.625,-0.7058823529411765,7.212121212121212,0.8125,0.47058823529411764,0.6364,33,0
NJIT,America East,59.714285714285715,66,62.96551724137931,65.42857142857143,74.26666666666667,70,-5.714285714285714,-8.266666666666667,-7.0344827586206895,0.42857142857142855,0.3333333333333333,0.37929999999999997,29,0
Norfolk St.,Mid-Eastern Athletic,80.78571428571429,68.88235294117646,74.25806451612904,57.857142857142854,69.82352941176471,64.41935483870968,22.928571428571427,-0.9411764705882353,9.838709677419354,1,0.5882352941176471,0.7742,31,1
North Alabama,Atlantic Sun,73.76923076923077,66,69.36666666666666,61.38461538461539,74,68.53333333333333,12.384615384615385,-8,0.8333333333333334,0.46153846153846156,0.17647058823529413,0.3,30,0
North Carolina,Atlantic Coast,76.68181818181819,79.47058823529412,77.8974358974359,65.68181818181819,78.52941176470588,71.28205128205128,11,0.9411764705882353,6.615384615384615,0.8181818181818182,0.6470588235294118,0.7436,39,1
North Carolina A&T,Big South,70.84615384615384,65.57894736842105,67.71875,65.92307692307692,73.3157894736842,70.3125,4.923076923076923,-7.7368421052631575,-2.59375,0.6153846153846154,0.21052631578947367,0.375,32,0
North Carolina Central,Mid-Eastern Athletic,82,66.11111111111111,72.7741935483871,62.84615384615385,72.38888888888889,68.38709677419355,19.153846153846153,-6.277777777777778,4.387096774193548,0.7692307692307693,0.3333333333333333,0.5161,31,0
North Central MN,NA,NA,55,55,NA,103.5,103.5,NA,-48.5,-48.5,NA,0,0,2,0
North Dakota,Summit League,72.47058823529412,67.57142857142857,70.25806451612904,75.82352941176471,82.5,78.83870967741936,-3.3529411764705883,-14.928571428571429,-8.580645161290322,0.29411764705882354,0.07142857142857142,0.1935,31,0
North Dakota St.,Summit League,80.05882352941177,69.25,74.81818181818181,66.94117647058823,70.5625,68.6969696969697,13.117647058823529,-1.3125,6.121212121212121,0.8235294117647058,0.5625,0.6970000000000001,33,0
North Florida,Atlantic Sun,78.75,62.05263157894737,68.51612903225806,64.08333333333333,75.63157894736842,71.16129032258064,14.666666666666666,-13.578947368421053,-2.6451612903225805,0.5833333333333334,0.21052631578947367,0.35479999999999995,31,0
North Greenville,NA,NA,66,66,NA,118,118,NA,-52,-52,NA,0,0,1,0
North Park,NA,NA,71,71,NA,76,76,NA,-5,-5,NA,0,0,1,0
North Texas,Conference USA,66.95,62,65.09375,54.75,57.333333333333336,55.71875,12.2,4.666666666666667,9.375,0.75,0.8333333333333334,0.7812,32,0
Northeastern,Colonial Athletic Association,65.33333333333333,63.3125,64.29032258064517,67.33333333333333,70.75,69.09677419354838,-2,-7.4375,-4.806451612903226,0.4,0.1875,0.2903,31,0
Northern Arizona,Big Sky,69.875,65.1875,67.53125,71.5625,75.125,73.34375,-1.6875,-9.9375,-5.8125,0.3125,0.25,0.2812,32,0
Northern Colorado,Big Sky,82.29411764705883,74.42857142857143,77.94736842105263,76.52941176470588,77.28571428571429,76.94736842105263,5.764705882352941,-2.857142857142857,1,0.7647058823529411,0.42857142857142855,0.5789,38,0
Northern Illinois,Mid-American,66.25,62.666666666666664,64.1,72.75,70.72222222222223,71.53333333333333,-6.5,-8.055555555555555,-7.433333333333334,0.25,0.3333333333333333,0.3,30,0
Northern Iowa,Missouri Valley,74.05882352941177,74.93333333333334,74.46875,67.05882352941177,75.53333333333333,71.03125,7,-0.6,3.4375,0.6470588235294118,0.6,0.625,32,0
Northern Kentucky,Horizon League,74,65.26666666666667,69.90625,65.29411764705883,64.86666666666666,65.09375,8.705882352941176,0.4,4.8125,0.7058823529411765,0.5333333333333333,0.625,32,0
Northern New Mexico,NA,NA,53.25,53.25,NA,87.25,87.25,NA,-34,-34,NA,0,0,4,0
Northern Vermont,NA,NA,74,74,NA,114,114,NA,-40,-40,NA,0,0,1,0
Northland,NA,NA,50.5,50.5,NA,111.5,111.5,NA,-61,-61,NA,0,0,2,0
Northwest,NA,NA,68,68,NA,100,100,NA,-32,-32,NA,0,0,1,0
Northwestern,Big Ten,75.5,69.46153846153847,72.96774193548387,65,76.76923076923077,69.93548387096774,10.5,-7.3076923076923075,3.032258064516129,0.6666666666666666,0.23076923076923078,0.4839,31,0
Northwestern Ohio,NA,NA,36,36,NA,106,106,NA,-70,-70,NA,0,0,1,0
Northwestern St.,Southland,78.85714285714286,69.94444444444444,73.84375,74.14285714285714,85.27777777777777,80.40625,4.714285714285714,-15.333333333333334,-6.5625,0.42857142857142855,0.16666666666666666,0.2812,32,0
Northwood MI,NA,NA,57,57,NA,79,79,NA,-22,-22,NA,0,0,1,0
Notre Dame,Atlantic Coast,74.3157894736842,70.5,72.57142857142857,64.89473684210526,69.75,67.11428571428571,9.421052631578947,0.75,5.457142857142857,0.7894736842105263,0.5625,0.6857,35,1
Nyack,NA,NA,57.5,57.5,NA,100,100,NA,-42.5,-42.5,NA,0,0,2,0
Oakland,Horizon League,79.86666666666666,69.52941176470588,74.375,66.6,70.29411764705883,68.5625,13.266666666666667,-0.7647058823529411,5.8125,0.7333333333333333,0.5294117647058824,0.625,32,0
Oakland City,NA,NA,69,69,NA,78,78,NA,-9,-9,NA,0,0,2,0
Oakwood,NA,NA,59,59,NA,107,107,NA,-48,-48,NA,0,0,2,0
Oberlin,NA,NA,38,38,NA,84,84,NA,-46,-46,NA,0,0,1,0
Ohio,Mid-American,80.35,65.6,74.02857142857142,71.15,63.666666666666664,67.94285714285714,9.2,1.9333333333333333,6.085714285714285,0.85,0.5333333333333333,0.7143,35,0
Ohio Christian,NA,NA,40,40,NA,108,108,NA,-68,-68,NA,0,0,1,0
Ohio St.,Big Ten,74.61111111111111,70.42857142857143,72.78125,64.61111111111111,71.64285714285714,67.6875,10,-1.2142857142857142,5.09375,0.7777777777777778,0.42857142857142855,0.625,32,1
Ohio Valley,NA,NA,74,74,NA,103,103,NA,-29,-29,NA,0,0,1,0
Ohio Wesleyan,NA,NA,60,60,NA,101,101,NA,-41,-41,NA,0,0,1,0
Oklahoma,Big 12,71.85,65.33333333333333,69.05714285714286,62.5,68.4,65.02857142857142,9.35,-3.066666666666667,4.0285714285714285,0.65,0.4,0.5428999999999999,35,0
Oklahoma Christian,NA,NA,53,53,NA,84,84,NA,-31,-31,NA,0,0,1,0
Oklahoma St.,Big 12,71.26315789473684,63.36363636363637,68.36666666666666,64.63157894736842,67.45454545454545,65.66666666666667,6.631578947368421,-4.090909090909091,2.7,0.631578947368421,0.2727272727272727,0.5,30,0
Old Dominion,Conference USA,69.88235294117646,62.6,66.46875,66.41176470588235,67.73333333333333,67.03125,3.4705882352941178,-5.133333333333334,-0.5625,0.5882352941176471,0.2,0.40619999999999995,32,0
Oral Roberts,Summit League,88.125,78.13333333333334,83.29032258064517,70.6875,78.33333333333333,74.38709677419355,17.4375,-0.2,8.903225806451612,0.6875,0.5333333333333333,0.6129,31,0
Oregon,Pacific-12,73.1,71.33333333333333,72.34285714285714,66.95,73.4,69.71428571428571,6.15,-2.066666666666667,2.6285714285714286,0.65,0.4666666666666667,0.5714,35,0
Oregon St.,Pacific-12,72.29411764705883,63.42857142857143,68.29032258064517,79.05882352941177,77,78.12903225806451,-6.764705882352941,-13.571428571428571,-9.838709677419354,0.17647058823529413,0,0.0968,31,0
Ottawa AZ,NA,NA,62.5,62.5,NA,76,76,NA,-13.5,-13.5,NA,0.5,0.5,2,0
Our Lady of the Lake,NA,NA,65,65,NA,80,80,NA,-15,-15,NA,0,0,2,0
Pacific,West Coast,71.4,60.333333333333336,65.86666666666666,71.66666666666667,73.8,72.73333333333333,-0.26666666666666666,-13.466666666666667,-6.866666666666666,0.5333333333333333,0,0.2667,30,0
Pacific Lutheran,NA,NA,40,40,NA,89,89,NA,-49,-49,NA,0,0,1,0
Palm Beach Atlantic,NA,NA,63,63,NA,84,84,NA,-21,-21,NA,0,0,1,0
Paul Quinn,NA,NA,53,53,NA,79.4,79.4,NA,-26.4,-26.4,NA,0,0,5,0
Penn,Ivy League,73.2,71.38888888888889,72.03571428571429,71.4,77.72222222222223,75.46428571428571,1.8,-6.333333333333333,-3.4285714285714284,0.6,0.3333333333333333,0.4286,28,0
Penn St.,Big Ten,68.23529411764706,60.214285714285715,64.61290322580645,63.88235294117647,66.35714285714286,65,4.352941176470588,-6.142857142857143,-0.3870967741935484,0.6470588235294118,0.21428571428571427,0.45159999999999995,31,0
Penn St. Wilkes Barre,NA,NA,55,55,NA,111,111,NA,-56,-56,NA,0,0,1,0
Penn State Allegheny,NA,NA,71,71,NA,126,126,NA,-55,-55,NA,0,0,1,0
Penn State Behrend,NA,NA,47,47,NA,89,89,NA,-42,-42,NA,0,0,1,0
Penn State York,NA,NA,47,47,NA,85,85,NA,-38,-38,NA,0,0,1,0
Pepperdine,West Coast,70.41176470588235,65.73333333333333,68.21875,73.76470588235294,81.73333333333333,77.5,-3.3529411764705883,-16,-9.28125,0.4117647058823529,0,0.2188,32,0
Peru St.,NA,NA,62,62,NA,88,88,NA,-26,-26,NA,0,0,1,0
Pfeiffer,NA,NA,69,69,NA,109,109,NA,-40,-40,NA,0,0,1,0
Philander Smith,NA,NA,51,51,NA,60,60,NA,-9,-9,NA,0,0,1,0
Piedmont,NA,NA,55,55,NA,89,89,NA,-34,-34,NA,0,0,2,0
Pittsburgh,Atlantic Coast,62.5,59.916666666666664,61.53125,66.65,70.41666666666667,68.0625,-4.15,-10.5,-6.53125,0.4,0.25,0.34380000000000005,32,0
Point,NA,NA,65,65,NA,77,77,NA,-12,-12,NA,0,0,1,0
Point Park,NA,NA,45.333333333333336,45.333333333333336,NA,101,101,NA,-55.666666666666664,-55.666666666666664,NA,0,0,3,0
Portland,West Coast,79.47058823529412,69,74.23529411764706,69.41176470588235,74.94117647058823,72.17647058823529,10.058823529411764,-5.9411764705882355,2.0588235294117645,0.7647058823529411,0.35294117647058826,0.5588000000000001,34,0
Portland St.,Big Sky,73.26666666666667,73.8125,73.54838709677419,67.13333333333334,76.875,72.16129032258064,6.133333333333334,-3.0625,1.3870967741935485,0.5333333333333333,0.375,0.45159999999999995,31,0
Prairie View A&M,Southwest Athletic,72.22222222222223,68.16666666666667,69.51851851851852,67.77777777777777,80.61111111111111,76.33333333333333,4.444444444444445,-12.444444444444445,-6.814814814814815,0.5555555555555556,0.16666666666666666,0.2963,27,0
Presbyterian,Big South,72.46666666666667,63.705882352941174,67.8125,64.6,70.88235294117646,67.9375,7.866666666666666,-7.176470588235294,-0.125,0.5333333333333333,0.23529411764705882,0.375,32,0
Presentation,NA,NA,58.333333333333336,58.333333333333336,NA,90,90,NA,-31.666666666666668,-31.666666666666668,NA,0,0,3,0
Princeton,Ivy League,80.88235294117646,78.46153846153847,79.83333333333333,67.17647058823529,73.92307692307692,70.1,13.705882352941176,4.538461538461538,9.733333333333333,0.8235294117647058,0.6923076923076923,0.7667,30,0
Providence,Big East,73.30434782608695,67.4,71.51515151515152,66.26086956521739,66,66.18181818181819,7.043478260869565,1.4,5.333333333333333,0.8695652173913043,0.7,0.8181999999999999,33,1
Purchase,NA,NA,40,40,NA,97,97,NA,-57,-57,NA,0,0,1,0
Purdue,Big Ten,81.72,74.41666666666667,79.35135135135135,67.56,70.25,68.43243243243244,14.16,4.166666666666667,10.91891891891892,0.88,0.5833333333333334,0.7837999999999999,37,1
Purdue Fort Wayne,Horizon League,76.27777777777777,70.06666666666666,73.45454545454545,65.61111111111111,74.46666666666667,69.63636363636364,10.666666666666666,-4.4,3.8181818181818183,0.8333333333333334,0.4,0.6364,33,0
Purdue Northwest,NA,NA,71,71,NA,81,81,NA,-10,-10,NA,0,0,1,0
Quincy,NA,NA,63,63,NA,81,81,NA,-18,-18,NA,0,0,1,0
Quinnipiac,Metro Atlantic Athletic,72.8,70.875,71.80645161290323,69.73333333333333,73.125,71.48387096774194,3.066666666666667,-2.25,0.3225806451612903,0.5333333333333333,0.375,0.45159999999999995,31,0
Radford,Big South,69.14285714285714,57.6,63.172413793103445,67.28571428571429,67.53333333333333,67.41379310344827,1.8571428571428572,-9.933333333333334,-4.241379310344827,0.5714285714285714,0.2,0.37929999999999997,29,0
Randolph,NA,NA,62,62,NA,107,107,NA,-45,-45,NA,0,0,1,0
Redlands,NA,NA,78,78,NA,93,93,NA,-15,-15,NA,0,0,1,0
Regent,NA,NA,39.5,39.5,NA,93.66666666666667,93.66666666666667,NA,-54.166666666666664,-54.166666666666664,NA,0,0,6,0
Regis,NA,NA,65,65,NA,68,68,NA,-3,-3,NA,0,0,1,0
Regis MA,NA,NA,51,51,NA,98,98,NA,-47,-47,NA,0,0,1,0
Rhode Island,Atlantic 10,70.11764705882354,63.5,67.12903225806451,63.76470588235294,66.5,65,6.352941176470588,-3,2.129032258064516,0.7058823529411765,0.21428571428571427,0.4839,31,0
Rhodes,NA,NA,48,48,NA,101.5,101.5,NA,-53.5,-53.5,NA,0,0,2,0
Rice,Conference USA,77.8,71.05555555555556,74.12121212121212,69,77,73.36363636363636,8.8,-5.944444444444445,0.7575757575757576,0.6666666666666666,0.3333333333333333,0.48479999999999995,33,0
Richmond,Atlantic 10,72,70.10526315789474,71.02702702702703,68.11111111111111,68.73684210526316,68.43243243243244,3.888888888888889,1.368421052631579,2.5945945945945947,0.6666666666666666,0.631578947368421,0.6486,37,1
Rider,Metro Atlantic Athletic,68.5,67.26315789473684,67.78787878787878,66.71428571428571,71.15789473684211,69.27272727272727,1.7857142857142858,-3.8947368421052633,-1.4848484848484849,0.5,0.3684210526315789,0.4242,33,0
Rivier,NA,NA,55,55,NA,91,91,NA,-36,-36,NA,0,0,1,0
Robert Morris,Horizon League,72.14285714285714,67.22222222222223,69.375,70.85714285714286,77.66666666666667,74.6875,1.2857142857142858,-10.444444444444445,-5.3125,0.2857142857142857,0.2222222222222222,0.25,32,0
Rockford,NA,NA,64,64,NA,96,96,NA,-32,-32,NA,0,0,1,0
Rocky Mountain,NA,NA,52,52,NA,81,81,NA,-29,-29,NA,0,0,1,0
Rogers St.,NA,NA,31,31,NA,91,91,NA,-60,-60,NA,0,0,1,0
Roosevelt,NA,NA,49,49,NA,88,88,NA,-39,-39,NA,0,0,1,0
Rust,NA,NA,48,48,NA,81,81,NA,-33,-33,NA,0,0,1,0
Rutgers,Big Ten,69.84210526315789,66.53846153846153,68.5,62.73684210526316,72.07692307692308,66.53125,7.105263157894737,-5.538461538461538,1.96875,0.7368421052631579,0.3076923076923077,0.5625,32,1
Rutgers Camden,NA,NA,28,28,NA,94,94,NA,-66,-66,NA,0,0,1,0
Sacramento St.,Big Sky,65.57142857142857,65.33333333333333,65.44827586206897,66.14285714285714,73.93333333333334,70.17241379310344,-0.5714285714285714,-8.6,-4.724137931034483,0.42857142857142855,0.3333333333333333,0.37929999999999997,29,0
Sacred Heart,Northeast,73.84615384615384,71.76470588235294,72.66666666666667,70.84615384615384,78.41176470588235,75.13333333333334,3,-6.647058823529412,-2.466666666666667,0.46153846153846156,0.23529411764705882,0.3333,30,0
Saginaw Valley St.,NA,NA,68.5,68.5,NA,65.5,65.5,NA,3,3,NA,0.5,0.5,2,0
Saint Elizabeth,NA,NA,43,43,NA,76,76,NA,-33,-33,NA,0,0,1,0
Saint Joseph's,Atlantic 10,70.6875,64.07142857142857,67.6,67.875,70.42857142857143,69.06666666666666,2.8125,-6.357142857142857,-1.4666666666666666,0.5625,0.14285714285714285,0.3667,30,0
Saint Katherine,NA,NA,62.666666666666664,62.666666666666664,NA,89.33333333333333,89.33333333333333,NA,-26.666666666666668,-26.666666666666668,NA,0,0,3,0
Saint Louis,Atlantic 10,77.5,73.92307692307692,76.17142857142858,63.68181818181818,75,67.88571428571429,13.818181818181818,-1.0769230769230769,8.285714285714286,0.7727272727272727,0.46153846153846156,0.6570999999999999,35,0
Saint Mary's,West Coast,73.6,64.14285714285714,69.70588235294117,58.35,63.857142857142854,60.61764705882353,15.25,0.2857142857142857,9.088235294117647,0.95,0.5,0.7646999999999999,34,1
Saint Peter's,Metro Atlantic Athletic,66.125,67.72222222222223,66.97058823529412,56.8125,67.55555555555556,62.5,9.3125,0.16666666666666666,4.470588235294118,0.75,0.5555555555555556,0.6470999999999999,34,1
Salisbury,NA,NA,91,91,NA,78,78,NA,13,13,NA,1,1,1,0
Salve Regina,NA,NA,59,59,NA,89,89,NA,-30,-30,NA,0,0,1,0
Sam Houston St.,Western Athletic,74.05,63.857142857142854,69.8529411764706,59.05,68.14285714285714,62.794117647058826,15,-4.285714285714286,7.0588235294117645,0.75,0.35714285714285715,0.5882000000000001,34,0
Samford,Southern,78.29411764705883,70.6,74.6875,70.6470588235294,77.46666666666667,73.84375,7.647058823529412,-6.866666666666666,0.84375,0.8823529411764706,0.4,0.6562,32,0
San Diego,West Coast,66.13333333333334,65.5625,65.83870967741936,62.2,72.0625,67.29032258064517,3.933333333333333,-6.5,-1.4516129032258065,0.6,0.375,0.4839,31,0
San Diego Christian,NA,NA,49,49,NA,91,91,NA,-42,-42,NA,0,0,2,0
San Diego St.,Mountain West,67.1,62.583333333333336,65.40625,55.75,62.083333333333336,58.125,11.35,0.5,7.28125,0.85,0.5,0.7188,32,1
San Francisco,West Coast,80.33333333333333,72.53846153846153,77.3529411764706,68.71428571428571,66.23076923076923,67.76470588235294,11.619047619047619,6.3076923076923075,9.588235294117647,0.7619047619047619,0.6153846153846154,0.7059000000000001,34,1
San Francisco St.,NA,NA,65,65,NA,103,103,NA,-38,-38,NA,0,0,2,0
San Jose St.,Mountain West,64.625,63.93333333333333,64.29032258064517,68.875,76,72.3225806451613,-4.25,-12.066666666666666,-8.03225806451613,0.4375,0.06666666666666667,0.2581,31,0
Santa Clara,West Coast,79.45,73.92307692307692,77.27272727272727,71.85,72,71.9090909090909,7.6,1.9230769230769231,5.363636363636363,0.75,0.46153846153846156,0.6364,33,0
Schreiner,NA,NA,46.5,46.5,NA,97,97,NA,-50.5,-50.5,NA,0,0,2,0
Seattle,Western Athletic,76.6,71.91666666666667,74.84375,63.5,71.83333333333333,66.625,13.1,0.08333333333333333,8.21875,0.85,0.5,0.7188,32,0
Seton Hall,Big East,74,68.92307692307692,71.9375,65.89473684210526,67.15384615384616,66.40625,8.105263157894736,1.7692307692307692,5.53125,0.7368421052631579,0.5384615384615384,0.6562,32,1
Shenandoah,NA,NA,59,59,NA,108,108,NA,-49,-49,NA,0,0,1,0
Siena,Metro Atlantic Athletic,68.28571428571429,64.4,66.27586206896552,69.71428571428571,68.66666666666667,69.17241379310344,-1.4285714285714286,-4.266666666666667,-2.896551724137931,0.5714285714285714,0.4666666666666667,0.5172,29,0
SIU Edwardsville,Ohio Valley,68.64285714285714,66.66666666666667,67.53125,63.214285714285715,75.16666666666667,69.9375,5.428571428571429,-8.5,-2.40625,0.5714285714285714,0.16666666666666666,0.34380000000000005,32,0
SMU,American Athletic,76.13636363636364,69.18181818181819,73.81818181818181,66,69.36363636363636,67.12121212121212,10.136363636363637,-0.18181818181818182,6.696969696969697,0.8181818181818182,0.5454545454545454,0.7273000000000001,33,0
South Alabama,Sun Belt,74.85,66.53846153846153,71.57575757575758,61,68.53846153846153,63.96969696969697,13.85,-2,7.606060606060606,0.8,0.38461538461538464,0.6364,33,0
South Carolina,Southeastern,73.7,66,70.96774193548387,68.1,74.18181818181819,70.25806451612904,5.6,-8.181818181818182,0.7096774193548387,0.7,0.36363636363636365,0.5806,31,0
South Carolina St.,Mid-Eastern Athletic,79.1875,66.375,72.78125,72.625,72.125,72.375,6.5625,-5.75,0.40625,0.625,0.375,0.5,32,0
South Dakota,Summit League,77.8125,72.26666666666667,75.12903225806451,65.875,76.26666666666667,70.90322580645162,11.9375,-4,4.225806451612903,0.75,0.4666666666666667,0.6129,31,0
South Dakota St.,Summit League,87.4,83.8,85.85714285714286,68.4,79.53333333333333,73.17142857142858,19,4.266666666666667,12.685714285714285,0.95,0.7333333333333333,0.8571,35,1
South Florida,American Athletic,57.78947368421053,56.916666666666664,57.45161290322581,62.63157894736842,68.5,64.90322580645162,-4.842105263157895,-11.583333333333334,-7.451612903225806,0.3157894736842105,0.16666666666666666,0.2581,31,0
Southeast Missouri St.,Ohio Valley,75.71428571428571,75.44444444444444,75.5625,70.92857142857143,82.22222222222223,77.28125,4.785714285714286,-6.777777777777778,-1.71875,0.6428571428571429,0.2777777777777778,0.4375,32,0
Southeastern Baptist,NA,NA,49.333333333333336,49.333333333333336,NA,111.33333333333333,111.33333333333333,NA,-62,-62,NA,0,0,3,0
Southeastern Louisiana,Southland,85.28571428571429,74.25,78.79411764705883,74.71428571428571,79.85,77.73529411764706,10.571428571428571,-5.6,1.0588235294117647,0.7857142857142857,0.4,0.5588000000000001,34,0
Southern,Southwest Athletic,77.58333333333333,68.3157894736842,71.90322580645162,61.583333333333336,71.78947368421052,67.83870967741936,16,-3.473684210526316,4.064516129032258,0.75,0.42105263157894735,0.5484,31,0
Southern Illinois,Missouri Valley,66.23529411764706,61.357142857142854,64.03225806451613,58.470588235294116,64.85714285714286,61.354838709677416,7.764705882352941,-3.5,2.6774193548387095,0.6470588235294118,0.35714285714285715,0.5161,31,0
Southern Miss,Conference USA,67.6,61.77777777777778,64.42424242424242,72.26666666666667,77.05555555555556,74.87878787878788,-4.666666666666667,-15.277777777777779,-10.454545454545455,0.26666666666666666,0.16666666666666666,0.2121,33,0
Southern Utah,Big Sky,81.11764705882354,74.5,77.71428571428571,70.76470588235294,74.16666666666667,72.51428571428572,10.352941176470589,0.3333333333333333,5.2,0.7647058823529411,0.5555555555555556,0.6570999999999999,35,0
Southwestern,NA,NA,57,57,NA,106,106,NA,-49,-49,NA,0,0,2,0
Southwestern Adventist,NA,NA,56,56,NA,102,102,NA,-46,-46,NA,0,0,2,0
Southwestern Assemblie,NA,NA,75,75,NA,81,81,NA,-6,-6,NA,0,0,1,0
Southwestern Christian,NA,NA,54,54,NA,104,104,NA,-50,-50,NA,0,0,2,0
Spalding,NA,NA,48.5,48.5,NA,70.5,70.5,NA,-22,-22,NA,0,0,2,0
Spring Hill,NA,NA,50.333333333333336,50.333333333333336,NA,89,89,NA,-38.666666666666664,-38.666666666666664,NA,0,0,3,0
Spurgeon,NA,NA,44,44,NA,111,111,NA,-67,-67,NA,0,0,1,0
St. Andrews Pres.,NA,NA,48.5,48.5,NA,92.75,92.75,NA,-44.25,-44.25,NA,0,0,4,0
St. Bonaventure,Atlantic 10,76.375,63.94117647058823,69.96969696969697,65.625,67.29411764705883,66.48484848484848,10.75,-3.3529411764705883,3.484848484848485,0.8125,0.5882352941176471,0.6970000000000001,33,0
St. Francis NY,Northeast,68,66.6470588235294,67.23333333333333,70,70.94117647058823,70.53333333333333,-2,-4.294117647058823,-3.3,0.23076923076923078,0.4117647058823529,0.3333,30,0
St. Francis PA,Northeast,72.66666666666667,65.88888888888889,68.6,70.66666666666667,75.38888888888889,73.5,2,-9.5,-4.9,0.3333333333333333,0.2777777777777778,0.3,30,0
St. John Fisher,NA,NA,58,58,NA,100,100,NA,-42,-42,NA,0,0,1,0
St. John's,Big East,80.47619047619048,77.9090909090909,79.59375,71.38095238095238,79.45454545454545,74.15625,9.095238095238095,-1.5454545454545454,5.4375,0.6190476190476191,0.36363636363636365,0.5312,32,0
St. Joseph's ME,NA,NA,53,53,NA,98,98,NA,-45,-45,NA,0,0,1,0
St. Mary's MD,NA,NA,49,49,NA,98.5,98.5,NA,-49.5,-49.5,NA,0,0,2,0
St. Mary's TX,NA,NA,69,69,NA,81.5,81.5,NA,-12.5,-12.5,NA,0,0,2,0
St. Thomas,Summit League,79.3076923076923,71.17647058823529,74.7,72.53846153846153,77.47058823529412,75.33333333333333,6.769230769230769,-6.294117647058823,-0.6333333333333333,0.38461538461538464,0.29411764705882354,0.3333,30,0
St. Thomas FL,NA,NA,72,72,NA,95,95,NA,-23,-23,NA,0,0,1,0
St. Xavier IL,NA,NA,52,52,NA,74,74,NA,-22,-22,NA,0,0,1,0
Stanford,Pacific-12,69.11111111111111,62.857142857142854,66.375,67.05555555555556,70.78571428571429,68.6875,2.0555555555555554,-7.928571428571429,-2.3125,0.6666666666666666,0.2857142857142857,0.5,32,0
Stephen F. Austin,Western Athletic,76.73684210526316,71.3076923076923,74.53125,68.57894736842105,68.23076923076923,68.4375,8.157894736842104,3.076923076923077,6.09375,0.7368421052631579,0.6153846153846154,0.6875,32,0
Stetson,Atlantic Sun,70.53333333333333,68.8,69.66666666666667,68.46666666666667,74.46666666666667,71.46666666666667,2.066666666666667,-5.666666666666667,-1.8,0.4666666666666667,0.26666666666666666,0.3667,30,0
Stony Brook,America East,74.88235294117646,70.57142857142857,72.93548387096774,68.58823529411765,78.64285714285714,73.12903225806451,6.294117647058823,-8.071428571428571,-0.1935483870967742,0.7647058823529411,0.35714285714285715,0.5806,31,0
Sul Ross St.,NA,NA,49,49,NA,101,101,NA,-52,-52,NA,0,0,1,0
SUNY Oneonta,NA,NA,55,55,NA,79,79,NA,-24,-24,NA,0,0,1,0
SUNY Poly,NA,NA,50,50,NA,97,97,NA,-47,-47,NA,0,0,1,0
Syracuse,Atlantic Coast,80.61111111111111,73.46666666666667,77.36363636363636,75,75.13333333333334,75.06060606060606,5.611111111111111,-1.6666666666666667,2.303030303030303,0.6111111111111112,0.3333333333333333,0.48479999999999995,33,0
Tarleton St.,Western Athletic,69,60.4375,64.58064516129032,63.2,67.3125,65.3225806451613,5.8,-6.875,-0.7419354838709677,0.6666666666666666,0.25,0.45159999999999995,31,0
TCU,Big 12,69.72222222222223,67.0625,68.47058823529412,64,65.9375,64.91176470588235,5.722222222222222,1.125,3.5588235294117645,0.7222222222222222,0.5,0.6175999999999999,34,1
Temple,American Athletic,68,65,66.75862068965517,64.58823529411765,69.08333333333333,66.44827586206897,3.411764705882353,-4.083333333333333,0.3103448275862069,0.6470588235294118,0.5,0.5861999999999999,29,0
Tennessee,Southeastern,74.95652173913044,70.58333333333333,73.45714285714286,60.82608695652174,67,62.94285714285714,14.130434782608695,3.5833333333333335,10.514285714285714,0.8695652173913043,0.5833333333333334,0.7714,35,1
Tennessee Martin,Ohio Valley,71,67.0625,68.9,68.57142857142857,77.875,73.53333333333333,2.4285714285714284,-10.8125,-4.633333333333334,0.35714285714285715,0.1875,0.2667,30,0
Tennessee St.,Ohio Valley,76.93333333333334,66.3529411764706,71.3125,68.33333333333333,71.82352941176471,70.1875,8.6,-5.470588235294118,1.125,0.6,0.29411764705882354,0.4375,32,0
Tennessee Tech,Ohio Valley,82.07142857142857,65.5,72.75,76.07142857142857,71.77777777777777,73.65625,6,-6.277777777777778,-0.90625,0.5,0.2222222222222222,0.34380000000000005,32,0
Tennessee Wesleyan,NA,NA,55.666666666666664,55.666666666666664,NA,106.66666666666667,106.66666666666667,NA,-51,-51,NA,0,0,3,0
Texas,Big 12,69.42857142857143,67.76923076923077,68.79411764705883,54.38095238095238,70.76923076923077,60.64705882352941,15.047619047619047,-3,8.147058823529411,0.8095238095238095,0.38461538461538464,0.6470999999999999,34,1
Texas A&M,Southeastern,74.375,70.1875,72.7,63.75,69.5625,66.075,10.625,0.625,6.625,0.75,0.5625,0.675,40,0
Texas A&M Commerce,NA,NA,65.5,65.5,NA,65.5,65.5,NA,0,0,NA,0.5,0.5,2,0
Texas A&M Corpus Chris,Southland,79.23529411764706,74.16666666666667,76.62857142857143,66.88235294117646,73.16666666666667,70.11428571428571,12.352941176470589,1,6.514285714285714,0.7647058823529411,0.5555555555555556,0.6570999999999999,35,1
Texas A&M Intl,NA,NA,59,59,NA,74,74,NA,-15,-15,NA,0,0,1,0
Texas Lutheran,NA,NA,64,64,NA,102,102,NA,-38,-38,NA,0,0,1,0
Texas Permian Basin,NA,NA,59,59,NA,84,84,NA,-25,-25,NA,0,0,1,0
Texas Southern,Southwest Athletic,74.66666666666667,65.65,69.03125,63.583333333333336,67.6,66.09375,11.083333333333334,-1.95,2.9375,0.8333333333333334,0.45,0.5938,32,1
Texas St.,Sun Belt,74.28571428571429,66.86666666666666,70.44827586206897,58.785714285714285,67.4,63.241379310344826,15.5,-0.5333333333333333,7.206896551724138,0.8571428571428571,0.6,0.7241,29,0
Texas Tech,Big 12,78.34782608695652,61.785714285714285,72.08108108108108,57.869565217391305,65.21428571428571,60.648648648648646,20.47826086956522,-3.4285714285714284,11.432432432432432,1,0.2857142857142857,0.7297,37,1
The Apprentice School,NA,NA,56,56,NA,96,96,NA,-40,-40,NA,0,0,1,0
The Citadel,Southern,79.6875,75.875,77.78125,72.6875,80.375,76.53125,7,-4.5,1.25,0.5,0.375,0.4375,32,0
Toccoa Falls,NA,NA,51.666666666666664,51.666666666666664,NA,99,99,NA,-47.333333333333336,-47.333333333333336,NA,0,0,3,0
Toledo,Mid-American,79.76470588235294,80.05882352941177,79.91176470588235,65.94117647058823,71.3529411764706,68.6470588235294,13.823529411764707,8.705882352941176,11.264705882352942,0.8235294117647058,0.7058823529411765,0.7646999999999999,34,0
Tougaloo,NA,NA,72,72,NA,77,77,NA,-5,-5,NA,0,0,1,0
Towson,Colonial Athletic Association,72.66666666666667,73.125,72.88235294117646,64.16666666666667,64.375,64.26470588235294,8.5,8.75,8.617647058823529,0.7777777777777778,0.6875,0.7353000000000001,34,0
Transylvania,NA,NA,59,59,NA,84,84,NA,-25,-25,NA,0,0,1,0
Trinity Baptist,NA,NA,43.5,43.5,NA,85.5,85.5,NA,-42,-42,NA,0,0,2,0
Trinity Christian,NA,NA,59.5,59.5,NA,98.5,98.5,NA,-39,-39,NA,0,0,2,0
Trinity FL,NA,NA,48,48,NA,111,111,NA,-63,-63,NA,0,0,1,0
Trinity TX,NA,NA,66,66,NA,97,97,NA,-31,-31,NA,0,0,1,0
Troy,Sun Belt,71.53333333333333,67.11764705882354,69.1875,61.2,69.52941176470588,65.625,10.333333333333334,-2.411764705882353,3.5625,0.7333333333333333,0.5294117647058824,0.625,32,0
Truett McConnell,NA,NA,49,49,NA,91,91,NA,-42,-42,NA,0,0,1,0
Tulane,American Athletic,77.6,68.35714285714286,73.13793103448276,72.26666666666667,71.14285714285714,71.72413793103448,5.333333333333333,-2.7857142857142856,1.4137931034482758,0.6666666666666666,0.2857142857142857,0.4828,29,0
Tulsa,American Athletic,70.33333333333333,63.30769230769231,67.38709677419355,67.55555555555556,73.15384615384616,69.90322580645162,2.7777777777777777,-9.846153846153847,-2.5161290322580645,0.5,0.15384615384615385,0.35479999999999995,31,0
Tuskegee,NA,NA,65,65,NA,91,91,NA,-26,-26,NA,0,0,1,0
UAB,Conference USA,84.23809523809524,74.42857142857143,80.31428571428572,62.42857142857143,73.21428571428571,66.74285714285715,21.80952380952381,1.2142857142857142,13.571428571428571,0.9047619047619048,0.5714285714285714,0.7714,35,1
UC Davis,Big West,68.5,66.9,67.83333333333333,66.35714285714286,66.4,66.375,2.142857142857143,0.5,1.4583333333333333,0.5714285714285714,0.5,0.5417000000000001,24,0
UC Irvine,Big West,73.36363636363636,60.642857142857146,66.24,56,63.642857142857146,60.28,17.363636363636363,-3,5.96,0.8181818181818182,0.42857142857142855,0.6,25,0
UC Riverside,Big West,70.42857142857143,62.785714285714285,66.60714285714286,61.42857142857143,66,63.714285714285715,9,-3.2142857142857144,2.892857142857143,0.7142857142857143,0.42857142857142855,0.5714,28,0
UC San Diego,Big West,75.46153846153847,65.9375,70.20689655172414,66.76923076923077,73.625,70.55172413793103,8.692307692307692,-7.6875,-0.3448275862068966,0.6923076923076923,0.25,0.4483,29,0
UC Santa Barbara,Big West,76.07142857142857,71.5,73.78571428571429,60.57142857142857,70.92857142857143,65.75,15.5,0.5714285714285714,8.035714285714286,0.7857142857142857,0.42857142857142855,0.6071,28,0
UCF,American Athletic,70,69.61538461538461,69.83333333333333,61.88235294117647,76.53846153846153,68.23333333333333,8.117647058823529,-6.923076923076923,1.6,0.8235294117647058,0.3076923076923077,0.6,30,0
UCLA,Pacific-12,78.04761904761905,71.42857142857143,75.4,62.76190476190476,67,64.45714285714286,15.285714285714286,4.428571428571429,10.942857142857143,0.9047619047619048,0.5714285714285714,0.7714,35,1
UMass Lowell,America East,75.57142857142857,66.6470588235294,70.6774193548387,63.714285714285715,67.52941176470588,65.80645161290323,11.857142857142858,-0.8823529411764706,4.870967741935484,0.5714285714285714,0.4117647058823529,0.4839,31,0
UMBC,America East,79.13333333333334,68.94117647058823,73.71875,69.33333333333333,74.52941176470588,72.09375,9.8,-5.588235294117647,1.625,0.7333333333333333,0.4117647058823529,0.5625,32,0
UMKC,Western Athletic,79.73333333333333,69.6875,74.54838709677419,64,70.3125,67.25806451612904,15.733333333333333,-0.625,7.290322580645161,0.7333333333333333,0.5,0.6129,31,0
UNC Asheville,Big South,78.47058823529412,71.73333333333333,75.3125,64.23529411764706,73.93333333333334,68.78125,14.235294117647058,-2.2,6.53125,0.5882352941176471,0.4666666666666667,0.5312,32,0
UNC Greensboro,Southern,65.46666666666667,64.76470588235294,65.09375,62.6,67.05882352941177,64.96875,2.8666666666666667,-2.2941176470588234,0.125,0.6,0.47058823529411764,0.5312,32,0
UNC Wilmington,Colonial Athletic Association,71.21052631578948,73.11764705882354,72.11111111111111,66.57894736842105,71.6470588235294,68.97222222222223,4.631578947368421,1.4705882352941178,3.138888888888889,0.7894736842105263,0.7058823529411765,0.75,36,0
University of Dallas,NA,NA,65,65,NA,108,108,NA,-43,-43,NA,0,0,1,0
UNLV,Mountain West,71.28571428571429,67.18181818181819,69.875,62.285714285714285,71.9090909090909,65.59375,9,-4.7272727272727275,4.28125,0.6666666666666666,0.36363636363636365,0.5625,32,0
US Merchant Marine,NA,NA,48,48,NA,106,106,NA,-58,-58,NA,0,0,1,0
USC,Pacific-12,74.4,69.5,72.38235294117646,65.75,66.28571428571429,65.97058823529412,8.65,3.2142857142857144,6.411764705882353,0.8,0.7142857142857143,0.7646999999999999,34,1
USC Upstate,Big South,73.14285714285714,70.16666666666667,71.46875,68.71428571428571,76.61111111111111,73.15625,4.428571428571429,-6.444444444444445,-1.6875,0.5,0.4444444444444444,0.46880000000000005,32,0
UT Arlington,Sun Belt,73.33333333333333,62.8235294117647,67.17241379310344,65.25,71.17647058823529,68.72413793103448,8.083333333333334,-8.352941176470589,-1.5517241379310345,0.6666666666666666,0.17647058823529413,0.37929999999999997,29,0
UT Rio Grande Valley,Western Athletic,74.06666666666666,68.8125,71.35483870967742,78.33333333333333,78.9375,78.64516129032258,-4.266666666666667,-10.125,-7.290322580645161,0.3333333333333333,0.1875,0.2581,31,0
UT Southern,NA,NA,79,79,NA,86,86,NA,-7,-7,NA,0,0,1,0
Utah,Pacific-12,71.875,67.4,69.70967741935483,68,73.93333333333334,70.87096774193549,3.875,-6.533333333333333,-1.1612903225806452,0.4375,0.26666666666666666,0.35479999999999995,31,0
Utah St.,Mountain West,75.89473684210526,70.33333333333333,73.44117647058823,64.42105263157895,69.93333333333334,66.8529411764706,11.473684210526315,0.4,6.588235294117647,0.631578947368421,0.4,0.5294,34,0
Utah Valley,Western Athletic,73.86666666666666,68.88235294117646,71.21875,60.8,68.94117647058823,65.125,13.066666666666666,-0.058823529411764705,6.09375,0.8666666666666667,0.4117647058823529,0.625,32,0
UTEP,Conference USA,71.6,65.71428571428571,69.17647058823529,65.15,68.71428571428571,66.61764705882354,6.45,-3,2.5588235294117645,0.65,0.5,0.5882000000000001,34,0
UTSA,Conference USA,68.52631578947368,65.46153846153847,67.28125,66.84210526315789,80.23076923076923,72.28125,1.6842105263157894,-14.76923076923077,-5,0.42105263157894735,0.15384615384615385,0.3125,32,0
Valparaiso,Missouri Valley,74.05555555555556,66.5,70.75,68.27777777777777,73.42857142857143,70.53125,5.777777777777778,-6.928571428571429,0.21875,0.5555555555555556,0.2857142857142857,0.4375,32,0
Vanderbilt,Southeastern,72.23809523809524,68.73333333333333,70.77777777777777,65.42857142857143,71.2,67.83333333333333,6.809523809523809,-2.466666666666667,2.9444444444444446,0.6190476190476191,0.4,0.5278,36,0
Vassar,NA,NA,42,42,NA,88,88,NA,-46,-46,NA,0,0,1,0
VCU,Atlantic 10,66.84210526315789,67.38461538461539,67.0625,61.1578947368421,64.23076923076923,62.40625,5.684210526315789,3.1538461538461537,4.65625,0.6842105263157895,0.6923076923076923,0.6875,32,0
Vermont,America East,78.44444444444444,70.75,74.82352941176471,59,62.6875,60.73529411764706,19.444444444444443,8.0625,14.088235294117647,0.9444444444444444,0.6875,0.8234999999999999,34,1
Villanova,Big East,72.78947368421052,70.6842105263158,71.73684210526316,57.68421052631579,67.73684210526316,62.71052631578947,15.105263157894736,2.9473684210526314,9.026315789473685,0.9473684210526315,0.631578947368421,0.7895,38,1
Virgin Islands,NA,47,NA,47,99,NA,99,-52,NA,-52,0,NA,0,1,0
Virginia,Atlantic Coast,62.4,62.4,62.4,56.8,64.53333333333333,60.114285714285714,5.6,-2.1333333333333333,2.2857142857142856,0.65,0.5333333333333333,0.6,35,0
Virginia Lynchburg,NA,NA,46,46,NA,80,80,NA,-34,-34,NA,0,0,1,0
Virginia Tech,Atlantic Coast,72.42105263157895,69,70.80555555555556,59.36842105263158,66.6470588235294,62.80555555555556,13.052631578947368,2.3529411764705883,8,0.6842105263157895,0.5882352941176471,0.6389,36,1
Virginia Wesleyan,NA,NA,60,60,NA,80,80,NA,-20,-20,NA,0,0,1,0
VMI,Southern,79.0625,79,79.03125,68.75,79.6875,74.21875,10.3125,-0.6875,4.8125,0.625,0.375,0.5,32,0
Voorhees,NA,NA,53.5,53.5,NA,80,80,NA,-26.5,-26.5,NA,0,0,2,0
Wagner,Northeast,81.38461538461539,68,74.44444444444444,62.69230769230769,66.57142857142857,64.70370370370371,18.692307692307693,1.4285714285714286,9.74074074074074,0.9230769230769231,0.6428571428571429,0.7778,27,0
Wake Forest,Atlantic Coast,82.04166666666667,70.9090909090909,78.54285714285714,69.95833333333333,70.27272727272727,70.05714285714286,12.083333333333334,0.6363636363636364,8.485714285714286,0.8333333333333334,0.45454545454545453,0.7143,35,0
Waldorf,NA,NA,37,37,NA,93,93,NA,-56,-56,NA,0,0,1,0
Walla Walla,NA,NA,71,71,NA,111,111,NA,-40,-40,NA,0,0,1,0
Warner,NA,NA,56,56,NA,78,78,NA,-22,-22,NA,0,0,1,0
Warren Wilson,NA,NA,40.666666666666664,40.666666666666664,NA,109,109,NA,-68.33333333333333,-68.33333333333333,NA,0,0,3,0
Washington,Pacific-12,71.21052631578948,69.76923076923077,70.625,69.05263157894737,77.07692307692308,72.3125,2.1578947368421053,-7.3076923076923075,-1.6875,0.6842105263157895,0.3076923076923077,0.5312,32,0
Washington College,NA,NA,51,51,NA,103,103,NA,-52,-52,NA,0,0,2,0
Washington St.,Pacific-12,71.54545454545455,71.33333333333333,71.45945945945945,63.59090909090909,66.73333333333333,64.86486486486487,7.954545454545454,4.6,6.594594594594595,0.6363636363636364,0.5333333333333333,0.5946,37,0
Webber International,NA,NA,45.5,45.5,NA,95,95,NA,-49.5,-49.5,NA,0,0,2,0
Weber St.,Big Sky,75.94444444444444,76.4,76.15151515151516,68.66666666666667,72.2,70.27272727272727,7.277777777777778,4.2,5.878787878787879,0.6666666666666666,0.6,0.6364,33,0
Webster,NA,NA,64,64,NA,76,76,NA,-12,-12,NA,0,0,1,0
Wells,NA,NA,48,48,NA,107,107,NA,-59,-59,NA,0,0,1,0
West Florida,NA,NA,47,47,NA,81,81,NA,-34,-34,NA,0,0,1,0
West Virginia,Big 12,69.6,66.6923076923077,68.45454545454545,63.8,76.92307692307692,68.96969696969697,5.8,-10.23076923076923,-0.5151515151515151,0.7,0.15384615384615385,0.48479999999999995,33,0
Westcliff,NA,NA,58.5,58.5,NA,88,88,NA,-29.5,-29.5,NA,0,0,2,0
Western Carolina,Southern,76.14285714285714,66.38888888888889,70.65625,75.07142857142857,78.94444444444444,77.25,1.0714285714285714,-12.555555555555555,-6.59375,0.5714285714285714,0.16666666666666666,0.34380000000000005,32,0
Western Colorado,NA,NA,60,60,NA,100,100,NA,-40,-40,NA,0,0,1,0
Western Illinois,Summit League,81.13333333333334,75.05882352941177,77.90625,73.73333333333333,80.23529411764706,77.1875,7.4,-5.176470588235294,0.71875,0.6,0.4117647058823529,0.5,32,0
Western Kentucky,Conference USA,78.44444444444444,71.57142857142857,75.4375,67.16666666666667,71.78571428571429,69.1875,11.277777777777779,-0.21428571428571427,6.25,0.7222222222222222,0.42857142857142855,0.5938,32,0
Western Michigan,Mid-American,66.2,64.625,65.38709677419355,71.66666666666667,78.375,75.12903225806451,-5.466666666666667,-13.75,-9.741935483870968,0.3333333333333333,0.1875,0.2581,31,0
Western New England,NA,NA,52,52,NA,103,103,NA,-51,-51,NA,0,0,1,0
Western New Mexico,NA,NA,60,60,NA,86.5,86.5,NA,-26.5,-26.5,NA,0,0,2,0
Westminster PA,NA,NA,54,54,NA,83,83,NA,-29,-29,NA,0,0,1,0
Westminster UT,NA,NA,53,53,NA,65,65,NA,-12,-12,NA,0,0,1,0
Westmont,NA,NA,69,69,NA,96,96,NA,-27,-27,NA,0,0,1,0
Wheeling Jesuit,NA,NA,46,46,NA,90.5,90.5,NA,-44.5,-44.5,NA,0,0,2,0
Whittier,NA,NA,45,45,NA,101,101,NA,-56,-56,NA,0,0,1,0
Wichita St.,American Athletic,69.42105263157895,66.44444444444444,68.46428571428571,65.10526315789474,69,66.35714285714286,4.315789473684211,-2.5555555555555554,2.107142857142857,0.5789473684210527,0.4444444444444444,0.5357,28,0
Wiley,NA,NA,63,63,NA,83.5,83.5,NA,-20.5,-20.5,NA,0,0,2,0
Willamette,NA,NA,78,78,NA,122,122,NA,-44,-44,NA,0,0,1,0
William & Mary,Colonial Athletic Association,66,61.46666666666667,63.875,73.47058823529412,75.4,74.375,-7.470588235294118,-13.933333333333334,-10.5,0.23529411764705882,0.06666666666666667,0.1562,32,0
William Carey,NA,NA,60,60,NA,88.5,88.5,NA,-28.5,-28.5,NA,0,0,2,0
William Jessup,NA,NA,59,59,NA,89,89,NA,-30,-30,NA,0,0,1,0
William Peace,NA,NA,49.5,49.5,NA,91.5,91.5,NA,-42,-42,NA,0,0,2,0
William Woods,NA,NA,29,29,NA,84,84,NA,-55,-55,NA,0,0,1,0
Winthrop,Big South,78.875,71.5625,75.21875,65.625,74.75,70.1875,13.25,-3.1875,5.03125,1,0.4375,0.7188,32,0
Wisconsin,Big Ten,70.65,68.84615384615384,69.93939393939394,65.1,67.3076923076923,65.96969696969697,5.55,1.5384615384615385,3.9696969696969697,0.7,0.8461538461538461,0.7576,33,1
Wisconsin Superior,NA,NA,48,48,NA,77,77,NA,-29,-29,NA,0,0,1,0
Wofford,Southern,77.375,67.75,72.5625,65.875,66.625,66.25,11.5,1.125,6.3125,0.75,0.4375,0.5938,32,0
Worcester Tech,NA,NA,48,48,NA,81,81,NA,-33,-33,NA,0,0,1,0
Wright St.,Horizon League,76.29411764705883,75.36842105263158,75.80555555555556,67.23529411764706,75.89473684210526,71.80555555555556,9.058823529411764,-0.5263157894736842,4,0.7647058823529411,0.47368421052631576,0.6111,36,1
Wyoming,Mountain West,78.29411764705883,66.76470588235294,72.52941176470588,65.52941176470588,65.47058823529412,65.5,12.764705882352942,1.2941176470588236,7.029411764705882,0.8823529411764706,0.5882352941176471,0.7353000000000001,34,1
Xavier,Big East,75.75,70.83333333333333,74.11111111111111,67.375,72.91666666666667,69.22222222222223,8.375,-2.0833333333333335,4.888888888888889,0.7083333333333334,0.5,0.6389,36,0
Xavier LA,NA,NA,72,72,NA,84,84,NA,-12,-12,NA,0,0,1,0
Yale,Ivy League,77.6,66.375,71.80645161290323,68.2,70,69.12903225806451,9.4,-3.625,2.6774193548387095,0.7333333333333333,0.5,0.6129,31,1
Yellowstone Christian,NA,NA,43,43,NA,104,104,NA,-61,-61,NA,0,0,1,0
Youngstown St.,Horizon League,75.6,68.42857142857143,72.6470588235294,68.05,72.35714285714286,69.82352941176471,7.55,-3.9285714285714284,2.823529411764706,0.65,0.42857142857142855,0.5588000000000001,34,0
